gene-BTH_RS25865	12601.8205142366	3.38098969465339	0.0977850458360457	34.5757335975711	5.85232647801817e-262	2.58672830328403e-258
gene-BTH_RS25860	10477.066284807	3.28783506410878	0.0965312006781825	34.0598173544927	2.90450993246878e-254	6.41896695075601e-251
gene-BTH_RS25870	10933.7252388751	3.66181856208683	0.107885672482082	33.9416576626058	1.6194399617248e-252	2.38597487694121e-249
gene-BTH_RS30285	3006.09050544007	3.85897187128931	0.122898011143044	31.3997910576254	2.03671164731969e-216	2.25056637028826e-213
gene-BTH_RS25845	2579.53443003466	3.03579936247758	0.102940382831987	29.4908497419563	3.77207632499706e-191	3.3345154712974e-188
gene-BTH_RS25855	6727.58457969272	3.13353397761264	0.106738688683377	29.3570589658242	1.94185881983435e-189	1.43050266394463e-186
gene-BTH_RS05960	1125.14399561991	4.05095482057134	0.138470791195049	29.2549409562135	3.8853281265547e-188	2.45330718848168e-185
gene-BTH_RS25850	2753.85556450383	3.10598214714416	0.107395719217521	28.9209120230691	6.51777253688613e-184	3.60106932662959e-181
gene-BTH_RS25840	1430.4302061124	3.34922317758525	0.117573487146633	28.4862111252023	1.73601863221782e-178	8.52578039378083e-176
gene-BTH_RS25875	9190.13878969982	2.91165609593459	0.103252044521544	28.1995006435641	5.93059046512623e-175	2.62132098558579e-172
gene-BTH_RS30280	1141.56468416962	3.90497277137292	0.14408785399018	27.1013320223303	9.49680324372781e-162	3.81598821247972e-159
gene-BTH_RS08570	1903.10670580958	3.94377583459095	0.148035201471038	26.640797563021	2.28779373869813e-156	8.42670693753813e-154
gene-BTH_RS22215	2949.60877779784	2.81366861233392	0.115887494100676	24.2793118806207	3.24288755123915e-130	1.10258176742131e-127
gene-BTH_RS00270	781.088545038056	-3.24936334959441	0.137231826349177	-23.6779137612482	6.08996083959039e-124	1.92268763649925e-121
gene-BTH_RS04315	1048.6887193091	-2.96912237487789	0.125665396892206	-23.6272072368876	2.02492346521008e-123	5.9667744774857e-121
gene-BTH_RS09850	3283.78901641841	2.94334009713133	0.12602324685328	23.3555329720877	1.21082357625361e-120	3.34490012940061e-118
gene-BTH_RS24640	1865.64780367531	4.19896664626236	0.180116299970073	23.3125299984512	3.30874754355992e-120	8.6027436132558e-118
gene-BTH_RS05965	646.485167636697	3.08826146697978	0.133100573138298	23.2024655804518	4.29960300933173e-119	1.05579140562479e-116
gene-BTH_RS02775	904.357361327083	3.0304248495362	0.131884278380927	22.9779082597191	7.75325051927064e-117	1.80365091027243e-114
gene-BTH_RS34680	1107.27274174214	2.46946337453632	0.109684272369396	22.5142887051266	3.00725525367911e-112	6.64603411063083e-110
gene-BTH_RS23240	14250.2449102548	2.21033846574344	0.100386869255563	22.0182029994024	1.92757019847393e-107	4.05707632250228e-105
gene-BTH_RS25485	1169.22953822878	2.54862224408562	0.115767039578955	22.0150938760719	2.06442835151257e-107	4.14762423349344e-105
gene-BTH_RS10685	1011.63369675603	3.06597808620995	0.143741407841309	21.3298181244669	6.00408686591335e-101	1.15382886727552e-98
gene-BTH_RS04190	3038.88375449838	2.6045961586566	0.124899717593865	20.8534991818471	1.41673549334351e-96	2.60915453357429e-94
gene-BTH_RS22200	621.406862450281	3.36885232875792	0.161616508418322	20.8447290547702	1.70169257965659e-96	3.00859248083285e-94
gene-BTH_RS04285	985.317358031507	-3.25018777196878	0.157691709975358	-20.6110249706638	2.18554629526843e-94	3.71542870195633e-92
gene-BTH_RS04365	1814.34327701514	-2.5143529512792	0.122303526563615	-20.5583029527067	6.48622126548495e-94	1.06181844420161e-91
gene-BTH_RS22195	1228.58645437439	3.23167006988393	0.158528205616609	20.3854579525081	2.25100186579223e-92	3.55336723100058e-90
gene-BTH_RS04290	515.506394178486	-2.91751244003127	0.14471384697836	-20.1605616943315	2.17400135400329e-90	3.31347792575674e-88
gene-BTH_RS04305	2861.11037943002	-2.60683350470374	0.130718681112678	-19.942317980218	1.74775261748387e-88	2.57502218975956e-86
gene-BTH_RS01405	703.589285772364	-2.80154171419393	0.141194024655507	-19.8417866551315	1.29764185054393e-87	1.85018612238844e-85
gene-BTH_RS14265	597.641536735276	2.41622308294802	0.124923217112421	19.341665535027	2.39609775055824e-83	3.30961001795857e-81
gene-BTH_RS10705	3750.94236936424	2.47461135983731	0.128238905589387	19.2968845801045	5.7046563646691e-83	7.64078216116286e-81
gene-BTH_RS09075	788.23972377145	2.75642478517304	0.143363684178019	19.2267993179521	2.20844379141094e-82	2.87097692883422e-80
gene-BTH_RS25490	2404.13380503099	2.72811542370215	0.14304952822781	19.071124927847	4.38764200202734e-81	5.54096504256024e-79
gene-BTH_RS21335	585.442465577804	2.90767041516871	0.152867251206396	19.0208850634913	1.14533713972285e-80	1.40621948821527e-78
gene-BTH_RS25830	1216.31532299345	2.00434599105839	0.105982684546595	18.9120137844517	9.0821358035836e-80	1.0849470338335e-77
gene-BTH_RS01385	1634.80580366085	-2.19751064357526	0.116544809072898	-18.8554999665471	2.64823573783546e-79	3.08031630558756e-77
gene-BTH_RS15255	1911.09037557511	2.58797580180913	0.137396483193543	18.8358227347318	3.84111401580504e-79	4.35326255124571e-77
gene-BTH_RS07990	1536.48927781392	3.56900707261628	0.189509561236214	18.8328601962604	4.06216593911382e-79	4.48869336272077e-77
gene-BTH_RS24650	1093.2569436618	2.87212847366832	0.152746542839859	18.8032306346828	7.10538188696271e-79	7.65994827814028e-77
gene-BTH_RS04370	2018.47183041353	-2.37938407205489	0.127662870922472	-18.6380272890766	1.57959411839e-77	1.66233476268662e-75
gene-BTH_RS06645	1317.41824852176	2.79347222722592	0.150734184057072	18.5324400347584	1.13042702210054e-76	1.1619738227173e-74
gene-BTH_RS14655	4652.96241952962	2.89742617364766	0.156859903227069	18.4714265024974	3.50693506559266e-76	3.52287567952717e-74
gene-BTH_RS25530	1875.04383763426	1.95947043318125	0.106133245401425	18.4623623424497	4.14796286431743e-76	4.07422130228512e-74
gene-BTH_RS24375	3400.43724489483	3.30736561077725	0.179231346256256	18.4530534410456	4.92803209605118e-76	4.73519605751005e-74
gene-BTH_RS06675	1405.06228897891	2.16724522700608	0.118429264120649	18.299912974197	8.28811675492835e-75	7.79435660782623e-73
gene-BTH_RS08575	846.795209855331	3.71875451328688	0.20486319771825	18.1523795132854	1.22957139866539e-73	1.13223032960438e-71
gene-BTH_RS02770	645.158880589609	2.69601816681755	0.148967043788076	18.0980846384585	3.29943234589018e-73	2.97622264670093e-71
gene-BTH_RS18730	2648.08205481471	2.17332226501962	0.12132289929957	17.9135371604767	9.24681785864184e-72	8.17418698703939e-70
gene-BTH_RS04375	1470.27293128512	-2.29565093528882	0.128326416600065	-17.889153271094	1.43268822974672e-71	1.24166313244716e-69
gene-BTH_RS03320	3936.21503310248	-2.96676867818786	0.166159949129688	-17.8548964038999	2.64771528379411e-71	2.25055799122499e-69
gene-BTH_RS08535	328.61760113566	3.30762583170214	0.18626897728784	17.7572555551797	1.51461595851963e-70	1.26313255408618e-68
gene-BTH_RS04360	493.299065029719	-3.02880686797594	0.170606101315873	-17.7532154161836	1.62762461169353e-70	1.33224088586767e-68
gene-BTH_RS33610	550.462598948836	-3.31288761331115	0.187786058656708	-17.6418187644454	1.17613735975417e-69	9.45186750929716e-68
gene-BTH_RS04225	1159.80468410776	2.29003952558305	0.131613788894985	17.399693032242	8.29462220011774e-68	6.54682680795008e-66
gene-BTH_RS23785	12189.4618139536	3.07666938863366	0.177085975673999	17.3738737747226	1.30136205404723e-67	1.00912636471733e-65
gene-BTH_RS25520	6477.82228927738	1.78448475991341	0.103066169257168	17.3139719150792	3.69055133871699e-67	2.81245464088432e-65
gene-BTH_RS00720	772.434034835082	-2.50121433671148	0.144614647820878	-17.2957191709205	5.06667420182686e-67	3.68938709546102e-65
gene-BTH_RS12735	975.545483846069	-3.04007952509343	0.175773518271203	-17.2954353704342	5.09168807292131e-67	3.68938709546102e-65
gene-BTH_RS28815	260.891798044341	-3.61414429842408	0.208951162616725	-17.2965981771225	4.98997404809449e-67	3.68938709546102e-65
gene-BTH_RS25525	2275.11355201336	1.63893152058116	0.0959989185104637	17.0723956687337	2.38220827566272e-65	1.69828396426278e-63
gene-BTH_RS19630	652.658987902852	-2.42135614833761	0.142261543998667	-17.0204545816	5.79192193126762e-65	4.06353887876236e-63
gene-BTH_RS06670	1331.82751747537	2.19387100129235	0.12935254675778	16.9604005199874	1.61241616426491e-64	1.11357491344545e-62
gene-BTH_RS10680	6653.81531670063	2.74024034696043	0.161663727078343	16.9502484971938	1.91642079025259e-64	1.30316613737176e-62
gene-BTH_RS25635	3253.0421844154	1.65856286527242	0.0985805367228142	16.8244454778727	1.61567309352331e-63	1.08201137475349e-61
gene-BTH_RS27985	442.952436058725	-3.29360498695159	0.196653098208288	-16.7482995028287	5.82681706183279e-63	3.84395991243298e-61
gene-BTH_RS10195	637.372043487407	-2.31455499591472	0.138237981599873	-16.7432638203164	6.34137700861755e-63	4.12189505560141e-61
gene-BTH_RS22225	529.223566884842	2.25072733669502	0.134512478732092	16.7324798257401	7.60067322209278e-63	4.86883704951451e-61
gene-BTH_RS15270	3081.48053678639	1.92309015264288	0.114958454834848	16.7285664669522	8.1168457815037e-63	5.12520833632091e-61
gene-BTH_RS10695	1367.88508825101	2.80538964826722	0.167939174933726	16.7047959439739	1.20941014201018e-62	7.52900398265495e-61
MSTRG.214.1	255.837799795909	-3.10693203396341	0.186992323850922	-16.615291847169	5.40113597343272e-62	3.31569736146842e-60
gene-BTH_RS33970	4843.47832868538	4.90989216209829	0.296343828406796	16.5682281574577	1.18259358126957e-61	7.16036113590617e-60
gene-BTH_RS22285	535.267555457268	2.13440854706246	0.128914054098211	16.5568336361247	1.42920040621982e-61	8.53657539931298e-60
gene-BTH_RS25725	955.100404263168	2.118997169819	0.128083348090641	16.5438927183528	1.77192818576673e-61	1.04425634414519e-59
gene-BTH_RS08060	7723.64654993925	2.07844174879798	0.126477648512014	16.4332731771223	1.10528489381693e-60	6.42810425088269e-59
gene-BTH_RS25800	2070.68025765164	1.72007287232404	0.105348291259907	16.3274871547789	6.29231618897319e-60	3.61195292925474e-58
gene-BTH_RS03750	534.804826688928	-2.3063823552514	0.141354149296192	-16.31633996409	7.55304387560541e-60	4.2800581961764e-58
gene-BTH_RS08925	848.898602666013	2.53468415679207	0.155370358558154	16.3138206046127	7.87117597663687e-60	4.40387314135886e-58
gene-BTH_RS35150	388.537957340132	-3.48094045972551	0.214431547277544	-16.2333411474201	2.93063784079168e-59	1.6191774070374e-57
gene-BTH_RS34155	733.352849852829	-2.45302927172925	0.151158764475817	-16.2281643425426	3.18853035241174e-59	1.73991409353826e-57
gene-BTH_RS07805	342.845925529938	-2.63853833638418	0.162852201683321	-16.2020427670669	4.87794035165246e-59	2.6293288236956e-57
gene-BTH_RS08010	1532.53528666576	2.44201352907787	0.150950958016824	16.1775291867025	7.26519756775829e-59	3.86893653608333e-57
gene-BTH_RS00185	1259.76748043051	1.9136672714136	0.118339392711578	16.1710080435995	8.07659494815868e-59	4.24982734176921e-57
gene-BTH_RS07220	981.307055771927	2.55620965575726	0.158109962027259	16.1672903021541	8.57894790594398e-59	4.46105291109087e-57
gene-BTH_RS27990	628.658287858539	-2.89562818297228	0.179196553858303	-16.1589501618538	9.82201304887707e-59	5.04805786930659e-57
gene-BTH_RS26975	3518.11947744167	-2.57223688070479	0.160085982249763	-16.0678458198273	4.28728108679999e-58	2.1781359084662e-56
gene-BTH_RS02010	293.148664071734	-3.24722254902044	0.202277653228613	-16.0532935655055	5.42094112794319e-58	2.72279088471692e-56
gene-BTH_RS11435	196.119073630161	-3.58850838556409	0.224370421119277	-15.9936785235002	1.41427522508319e-57	7.02370392681764e-56
gene-BTH_RS02500	684.257071960269	-2.49394662015554	0.156041936048147	-15.9825408689241	1.69109882318353e-57	8.30517422052357e-56
gene-BTH_RS27980	714.191261750749	-3.08002339502766	0.192765741355997	-15.9780642211705	1.81701433276929e-57	8.82549818773657e-56
gene-BTH_RS08590	964.254257197171	1.91825472315726	0.120471445896587	15.9228994794658	4.39527774118246e-57	2.11164430608983e-55
gene-BTH_RS21415	629.795779425614	2.38292580799764	0.15032561551791	15.8517615230635	1.36694827573052e-56	6.49667890185904e-55
gene-BTH_RS04385	1071.77115656439	-2.25873335052349	0.142656985312208	-15.8333175594606	1.8329653212069e-56	8.61883693588778e-55
gene-BTH_RS26175	13184.8105116291	1.85822167444161	0.117461120420959	15.8198871914561	2.26898840125937e-56	1.05567670879647e-54
gene-BTH_RS10690	960.876090543183	2.60721268848776	0.165187894194369	15.7833157278461	4.05324593308599e-56	1.86618198169167e-54
gene-BTH_RS05445	541.053705594819	-2.48564679340535	0.157748565506098	-15.7570167781289	6.14667524490601e-56	2.80085614252418e-54
gene-BTH_RS03380	289.944670425127	-2.90581323445598	0.184569508553042	-15.7437339311162	7.58337097642435e-56	3.42025507304037e-54
gene-BTH_RS04300	1134.65989185203	-2.24266435185809	0.143221811129662	-15.6586788993177	2.89855799805371e-55	1.29410367185832e-53
gene-BTH_RS04390	1111.0550119757	-1.9875235274856	0.127233969231361	-15.6210133150174	5.23667273742326e-55	2.31460934994108e-53
gene-BTH_RS09740	2946.41562935114	1.81861612037881	0.116531425629031	15.6062290541972	6.6025863246191e-55	2.86112074066828e-53
gene-BTH_RS26275	1339.5586682716	1.97406681855399	0.126491726307329	15.6062920175326	6.59607526542167e-55	2.86112074066828e-53
gene-BTH_RS01795	387.016003151009	-2.62747160493643	0.169594540595085	-15.4926661891177	3.88825448417683e-54	1.66855192427782e-52
gene-BTH_RS00725	354.314188645564	-2.74183114323599	0.177518875634831	-15.445293540931	8.11573064324204e-54	3.44918552337787e-52
gene-BTH_RS25445	1919.72413412939	1.54265290103027	0.1000757358302	15.4148544423167	1.30063572374618e-53	5.47505704662676e-52
gene-BTH_RS25770	9519.25410938956	1.39590964232652	0.0906189238108292	15.4041736937921	1.53437896483055e-53	6.39807077787832e-52
gene-BTH_RS16615	905.744950229696	1.99331259840681	0.129454923208806	15.3977349721313	1.69503399050411e-53	7.0019161103067e-52
gene-BTH_RS10710	514.17378054764	2.2866595257725	0.149122866190343	15.3340636764168	4.52754031917475e-53	1.85293779729189e-51
gene-BTH_RS22290	412.435195653643	2.1546080855784	0.140766385690284	15.3062684320033	6.94349831307811e-53	2.81562041686286e-51
gene-BTH_RS22235	340.988396866374	2.45862558767668	0.160925882964169	15.277999675317	1.07180415075534e-52	4.30670395121691e-51
gene-BTH_RS24015	234.143917149913	3.17637072358724	0.208181867914754	15.2576723198962	1.46377436085029e-52	5.82872313059304e-51
gene-BTH_RS00025	1685.8084728285	1.47998220031657	0.097193057508178	15.2272419271514	2.33224618600079e-52	9.20404298403885e-51
gene-BTH_RS03765	272.155129298336	-2.76913747043444	0.182349949330619	-15.1858417323369	4.38892840779739e-52	1.71673128871367e-50
gene-BTH_RS18740	1551.60489671146	2.1991369440913	0.144893107732665	15.1776504659477	4.97277378001098e-52	1.92804036032005e-50
gene-BTH_RS26170	3343.84286944454	2.004484890254	0.132128717723602	15.170698125196	5.5285639196699e-52	2.12489152390791e-50
gene-BTH_RS26985	670.842012657915	-2.41422159350437	0.160752464407209	-15.0182555670736	5.57557921513407e-51	2.12448794231833e-49
gene-BTH_RS12765	353.650160989016	-2.79191439146544	0.186110354570795	-15.0013920391701	7.18954961896758e-51	2.71605207827664e-49
gene-BTH_RS08580	1106.97803294831	1.78691774415282	0.119532853869766	14.9491766180008	1.57686794640103e-50	5.90657315516318e-49
gene-BTH_RS10805	2850.54743321006	1.65596913434943	0.110999759572012	14.9186731641081	2.49179042640395e-50	9.25522158378611e-49
gene-BTH_RS25510	2024.88084917584	1.56691785804384	0.105179030414038	14.8976259989815	3.41499198698365e-50	1.25785538187231e-48
gene-BTH_RS26990	264.172337851881	-2.74244761136308	0.184177742867356	-14.8902227200069	3.81496582625794e-50	1.39356602909588e-48
gene-BTH_RS25515	5263.27233049778	1.52071836942962	0.102466651801322	14.8411053030035	7.94362376775764e-50	2.87793582405646e-48
gene-BTH_RS25795	853.85591130461	1.67012202333757	0.113007584748953	14.7788489334388	2.00564575011465e-49	7.2072798500055e-48
gene-BTH_RS03325	356.98098741468	-2.2434127443173	0.151970078124647	-14.7622003752425	2.56764994393905e-49	9.15242963887951e-48
gene-BTH_RS22270	426.799394678463	2.17606206555245	0.147937540898502	14.7093297099308	5.61609381318897e-49	1.98585077234362e-47
gene-BTH_RS10200	1691.32237071229	-1.86288067538316	0.126723147205689	-14.7003978078247	6.40821456898089e-49	2.24796098372187e-47
gene-BTH_RS02995	282.265280377821	-2.71191297794061	0.184535487031685	-14.6958886963295	6.8493945736154e-49	2.38380504058111e-47
gene-BTH_RS00715	413.88757631721	-2.50120920353478	0.170496599584998	-14.6701412791981	1.00136346127255e-48	3.45783320220676e-47
gene-BTH_RS04220	675.382292833976	1.92952101884381	0.131662663115786	14.655035628035	1.25091005195703e-48	4.28606389895355e-47
gene-BTH_RS02395	375.727389433541	2.24489939224053	0.153254239011178	14.6482042305974	1.38323419422294e-48	4.70299626035799e-47
gene-BTH_RS06640	551.465977603116	2.83022373673063	0.193518275585274	14.6250979561023	1.94291050208725e-48	6.55546902230964e-47
gene-BTH_RS00750	454.587309084302	-2.25011945603079	0.154057335554892	-14.6057274580675	2.58211324285717e-48	8.64616707077932e-47
gene-BTH_RS03170	2061.26907811469	1.57332965243955	0.107743511079419	14.6025467026021	2.70547132984551e-48	8.99111524655424e-47
gene-BTH_RS25435	5664.75511601713	1.52508243096139	0.104802076943179	14.5520248781735	5.66995471478759e-48	1.87023879398217e-46
gene-BTH_RS28585	318.065126582929	-2.54401032020279	0.175072296197464	-14.5311986845332	7.68635360108156e-48	2.5165691049467e-46
gene-BTH_RS04895	661.244986850747	-2.09196920927613	0.14428669415463	-14.4986980368002	1.23469623441079e-47	4.01276276183507e-46
gene-BTH_RS10850	852.440751656369	1.58472422518494	0.109835725168793	14.4281309450962	3.44284966239687e-47	1.11075879618935e-45
gene-BTH_RS23730	2759.27743976863	1.33831958528356	0.0935675426546052	14.3032460542843	2.08836803374386e-46	6.68883094865789e-45
gene-BTH_RS29390	392.977960776079	-2.19100808568127	0.153237154465555	-14.2981517329974	2.24698225951608e-46	7.1450802784612e-45
gene-BTH_RS25620	3908.17220192232	1.42310069629996	0.0996081767908837	14.2869866927451	2.63778333621006e-46	8.32785881860605e-45
gene-BTH_RS30415	487.161884891703	-2.30318771278452	0.161224822980652	-14.2855651518434	2.69216579140461e-46	8.4392714879492e-45
gene-BTH_RS04410	289.68071470419	-2.42642809639406	0.169929597897473	-14.2790198200671	2.95731639984772e-46	9.20516794882177e-45
gene-BTH_RS24380	684.924634320803	2.50402876738772	0.175395699534066	14.2764547479762	3.0681770651065e-46	9.48345638305646e-45
gene-BTH_RS04355	223.492474321329	-2.73130848250512	0.191877128343616	-14.2346745861959	5.58221713579506e-46	1.71343053751487e-44
MSTRG.713.1	1109.50126014411	-1.79527813061931	0.126340359059672	-14.2098545863036	7.95906035324036e-46	2.42614115595327e-44
gene-BTH_RS34870	345.412406735309	-2.56777188101883	0.181279349622977	-14.1647235957061	1.51461684914322e-45	4.58534689946098e-44
gene-BTH_RS14255	360.239492240033	-2.0691708001239	0.14609475723027	-14.1632105035949	1.54759122911115e-45	4.653301518824e-44
gene-BTH_RS25440	2818.85472313444	1.47591912955821	0.104273860049796	14.1542581127561	1.75783041693691e-45	5.249736785717e-44
gene-BTH_RS25560	935.785997674688	1.52062155855966	0.107589592446762	14.1335376775602	2.35985159007269e-45	7.0003651195445e-44
gene-BTH_RS11065	308.920173702015	-2.40958314790264	0.170781219930665	-14.10918102635	3.33427640227569e-45	9.82500113203903e-44
gene-BTH_RS28580	359.214224958202	-2.23310522134643	0.158765057370247	-14.065470440002	6.19097926597054e-45	1.81219393083376e-43
gene-BTH_RS15460	300.012497715504	-2.40765208143021	0.171310799503147	-14.0542924813446	7.25028825176569e-45	2.10830750478976e-43
gene-BTH_RS34675	641.920436691866	1.9681489379268	0.140487077624804	14.0094660035786	1.36426909071853e-44	3.94122181763131e-43
gene-BTH_RS16565	3468.75642707736	1.71569005821169	0.122625808752905	13.991263957075	1.76251415678903e-44	5.05864452792696e-43
gene-BTH_RS08600	982.684152165308	1.83727508739717	0.1314062970828	13.9816365591634	2.01793736505333e-44	5.75437622808757e-43
gene-BTH_RS34600	746.549151507537	1.71158570643283	0.124301918199286	13.7695840195221	3.88443322603506e-43	1.10058941404327e-41
gene-BTH_RS00785	155.781012373382	-3.28839460942865	0.238836833890139	-13.7683729760932	3.95009238215842e-43	1.112064224786e-41
gene-BTH_RS21330	529.150353925858	2.33515837685973	0.169730392732715	13.7580449751097	4.5568340141796e-43	1.26674253727508e-41
gene-BTH_RS25325	11046.3206899915	2.12776226633068	0.154655265000657	13.758097833408	4.55350404608615e-43	1.26674253727508e-41
gene-BTH_RS00280	335.129376798585	-2.27802104067576	0.165994713887714	-13.7234553277203	7.34784527109907e-43	2.02984225614112e-41
gene-BTH_RS02030	231.376327831776	-2.46800624630017	0.180060645044402	-13.7065278517222	9.27932442608435e-43	2.54749155051508e-41
gene-BTH_RS25880	458.435211303432	1.94526237121377	0.141959750670462	13.7029148193519	9.75290555055192e-43	2.66097793416293e-41
gene-BTH_RS13310	937.689606379618	2.36195599674505	0.172485514073566	13.6936484749534	1.10802880293613e-42	3.0045934410906e-41
MSTRG.80.1	249.891847145718	-2.83657618784533	0.207485976460455	-13.6711706315533	1.50947117038278e-42	4.06820888603164e-41
gene-BTH_RS27235	308.031511921406	-2.73150250360255	0.200012572961729	-13.6566539950726	1.84257626952828e-42	4.93587097655454e-41
gene-BTH_RS16980	328.196550971565	-2.27525997536995	0.166622347347852	-13.6551909847961	1.87995813535507e-42	5.00567166160808e-41
gene-BTH_RS25605	1062.81052020673	1.57717525672696	0.115795295104945	13.6203742587086	3.03010923385792e-42	8.01981006805509e-41
gene-BTH_RS23215	1615.20569151699	1.45336339618563	0.106732586491152	13.6168666380638	3.17917738427101e-42	8.36426430861779e-41
gene-BTH_RS02165	403.57539529166	2.51708899914772	0.184891631410117	13.6138611572118	3.31269353993267e-42	8.66396771982389e-41
gene-BTH_RS24330	534.350195729527	1.85039963762512	0.135942235773981	13.6116610639067	3.41395308450182e-42	8.87627801970472e-41
gene-BTH_RS29330	179.311127081514	-2.97547337551145	0.218717350300407	-13.6041945068586	3.78111209268048e-42	9.77340084774721e-41
gene-BTH_RS35310	161.044498039241	-2.98967892007161	0.219878865731648	-13.5969362499822	4.1756190425145e-42	1.07303698650663e-40
gene-BTH_RS04850	540.047196361687	-2.14862434173897	0.158190488476435	-13.5825128453222	5.08514156709792e-42	1.29920957957068e-40
gene-BTH_RS06925	198.810106211355	-2.85204587664093	0.210060379658479	-13.5772670756753	5.46269388294083e-42	1.38764982543669e-40
gene-BTH_RS23260	674.464232779663	1.93387355913524	0.142653792720201	13.5564118013204	7.26016945290999e-42	1.83371137039212e-40
gene-BTH_RS16790	743.533678566159	1.64160026212255	0.121202782793989	13.5442456376007	8.56896549706697e-42	2.15197883505886e-40
gene-BTH_RS17755	3517.36525325056	1.30676860975063	0.0969642144190728	13.4768132509471	2.14158675298808e-41	5.34791720237702e-40
gene-BTH_RS05585	586.50187477381	1.87744267499522	0.139473140556494	13.4609622146908	2.65436933475252e-41	6.59118677505964e-40
gene-BTH_RS11055	259.724919638473	-2.55655128926201	0.190117101209235	-13.4472452662129	3.19556818072241e-41	7.89073260267769e-40
gene-BTH_RS12760	292.506263759382	-2.51140962230808	0.186790699070119	-13.4450464333094	3.29199084643417e-41	8.08366641179946e-40
gene-BTH_RS20365	651.062894123966	-2.52834112570151	0.188262218683326	-13.4298912622209	4.04004290239112e-41	9.86574012628107e-40
gene-BTH_RS22205	256.841630493912	2.59707290493687	0.193654179134578	13.4108797266495	5.22157328858752e-41	1.26809637008554e-39
gene-BTH_RS00680	641.038553805656	-2.03052746379434	0.151668755183166	-13.3879088105004	7.11560923586683e-41	1.71863348757002e-39
gene-BTH_RS33560	1299.30444109007	-1.63800307372778	0.122485478061413	-13.3730389892139	8.69158517992405e-41	2.08786991822089e-39
gene-BTH_RS25615	12830.0054624881	1.30464114739921	0.0977152444839626	13.351459685631	1.16150388927503e-40	2.7750525354571e-39
gene-BTH_RS22185	1127.15456989565	1.58488515553492	0.118826710130424	13.3377853665674	1.39543717915636e-40	3.31603888810274e-39
gene-BTH_RS25475	366.694964535564	1.92270134198409	0.144176310698446	13.3357646111888	1.43377091345365e-40	3.38891306816318e-39
gene-BTH_RS18330	282.274536608003	-2.49550972430995	0.187550034480742	-13.3058345268723	2.14089263234919e-40	5.03337523137415e-39
rna-BTH_RS31200	16412.1673846064	2.03752088991389	0.153394926831302	13.2828440418677	2.91123233538389e-40	6.80827879491895e-39
gene-BTH_RS00805	136.719911322441	-3.82208239020896	0.287867154753524	-13.2772437810124	3.13730840800823e-40	7.29837008599808e-39
gene-BTH_RS09965	214.901438328112	-2.89724142335041	0.218375233509566	-13.2672619362007	3.58439816175715e-40	8.29478527485162e-39
gene-BTH_RS10095	258.800427428673	-2.65684485181289	0.200512849600047	-13.2502473388233	4.49718671518135e-40	1.03528985839071e-38
gene-BTH_RS25775	881.589646124619	1.60332253112439	0.121055570819273	13.2445167147081	4.85396348242808e-40	1.1116330876856e-38
gene-BTH_RS06680	438.608425592543	1.84967470222852	0.139759880261397	13.2346614691499	5.53455464886873e-40	1.26096554371133e-38
gene-BTH_RS25730	586.541792693994	1.67287442790668	0.126439161711135	13.2306668698781	5.83671893861518e-40	1.32298962608611e-38
gene-BTH_RS27555	1137.31141024739	1.51067986995473	0.114568885357054	13.1857778422711	1.05955462892677e-39	2.38940380604914e-38
gene-BTH_RS08270	424.748573142416	-2.16486203647053	0.164958043923369	-13.1237130665554	2.40839374073721e-39	5.40360423048653e-38
gene-BTH_RS25650	807.099909221327	1.77504364643101	0.135502645076719	13.0996973928149	3.30573014513563e-39	7.37945820277751e-38
gene-BTH_RS03100	1588.16929846568	1.86513278375605	0.142441706030829	13.0940076170695	3.56300766718109e-39	7.91381602459317e-38
gene-BTH_RS13265	752.59777452822	1.65760248840371	0.126752295874825	13.0774947858987	4.42794417356973e-39	9.78575662358911e-38
gene-BTH_RS23780	2539.34991963537	1.75543201082439	0.134507882278997	13.0507742823819	6.29048200863551e-39	1.38328012329199e-37
gene-BTH_RS28430	202.462986741311	-2.53614482839885	0.19442790975002	-13.0441397619284	6.86272096311363e-39	1.50164488400803e-37
gene-BTH_RS00800	259.202603584962	-2.3737684335797	0.182689757073044	-12.9934401994448	1.332978025241e-38	2.90234624215036e-37
gene-BTH_RS30455	2942.94188613716	2.23796784571977	0.172447161345828	12.9777018551886	1.63719590410716e-38	3.54725779223218e-37
gene-BTH_RS05470	159.354324421492	-2.97624111131137	0.229499348664075	-12.9684076605715	1.84830168867452e-38	3.98511876289824e-37
gene-BTH_RS01985	167.131767835445	-2.99211193526805	0.23085396611946	-12.9610592599467	2.03418961105241e-38	4.36462042759789e-37
gene-BTH_RS11060	198.216702412347	-2.83491219340936	0.218914421632907	-12.949864939292	2.35367790538042e-38	5.0257277013437e-37
gene-BTH_RS00030	929.094174211105	1.51844757509988	0.117305450247894	12.944390664637	2.5276075465861e-38	5.37116603649546e-37
gene-BTH_RS28845	497.41549698898	-1.78343103061995	0.137819990872628	-12.9402927639734	2.66611566846354e-38	5.63838816009993e-37
gene-BTH_RS14510	4270.18273571418	1.38562463144862	0.107257948091831	12.9186196090782	3.53425135607588e-38	7.43875761612161e-37
gene-BTH_RS07360	663.792016062846	-1.70794235113372	0.132399691140548	-12.8998967929665	4.50700385338415e-38	9.44121186348718e-37
gene-BTH_RS09070	307.080950211093	2.11763931644909	0.164270386248844	12.8911812092607	5.04648879994982e-38	1.05214530640463e-36
gene-BTH_RS33915	171.67463428631	-2.82489693174022	0.21932421463274	-12.8800047749881	5.8331951891308e-38	1.21045646647691e-36
gene-BTH_RS25505	935.12772875989	1.4465383736615	0.112468622626892	12.861706135233	7.39267097564249e-38	1.52689746319345e-36
gene-BTH_RS02935	259.306324303588	-2.18955436141101	0.170266129867705	-12.8596002217956	7.59685502302164e-38	1.56177205589561e-36
gene-BTH_RS25555	1945.35783396598	1.25582877491737	0.097781765529892	12.8431795858039	9.39356661862429e-38	1.92220205807034e-36
gene-BTH_RS04185	330.621661042915	2.13841955757281	0.167382492654139	12.775646506779	2.24276354601358e-37	4.56820961906914e-36
gene-BTH_RS07810	207.985343992324	-2.48810045753025	0.194884529243429	-12.7670496328745	2.50469664177544e-37	5.0783298883704e-36
gene-BTH_RS23740	598.870211799907	1.79559486007361	0.140720639730057	12.7599964263813	2.74213663737352e-37	5.53435796218765e-36
gene-BTH_RS08825	181.065008352226	-2.66604949372735	0.209105650242892	-12.749772617959	3.12655857573128e-37	6.28154041124193e-36
gene-BTH_RS24050	1585.69343234484	2.34627878878192	0.184888943986446	12.6902060133673	6.70092933693591e-37	1.34018586738718e-35
MSTRG.2966.1	121.770637489031	-3.41042898639791	0.268832959272811	-12.6860523189681	7.06584248859817e-37	1.40680287385603e-35
gene-BTH_RS05385	516.617102530442	-1.96272856467076	0.154790507635351	-12.6799026287483	7.64267496236956e-37	1.51482615846069e-35
gene-BTH_RS25630	2109.824756285	1.26990785233727	0.100340350218991	12.6560037867689	1.03642338707943e-36	2.04508543343351e-35
gene-BTH_RS28930	2320.85073785403	1.33837787703055	0.105930980684185	12.6344329901061	1.36373644424833e-36	2.67898448159005e-35
gene-BTH_RS25790	11772.0841769837	1.25118569084654	0.0994379044280845	12.5825830506256	2.63278130905123e-36	5.14906786991436e-35
gene-BTH_RS23220	1434.84773797209	1.30075097361623	0.104201315395413	12.483057134934	9.23706723574508e-36	1.79858313577063e-34
gene-BTH_RS08035	560.027590392479	2.13660951920171	0.171238668818092	12.4773775336425	9.9200356887444e-36	1.92309463790571e-34
gene-BTH_RS09775	684.652318699549	1.45783220032323	0.117179044419535	12.4410657856516	1.56402964737572e-35	3.01878211414877e-34
gene-BTH_RS26980	370.561841138527	-2.33153706935733	0.187656400982887	-12.4245006146631	1.92424262601341e-35	3.69789235086056e-34
gene-BTH_RS04425	720.967784661612	-2.01063551745783	0.161879117161504	-12.4205984855468	2.02044344218006e-35	3.865956716206e-34
gene-BTH_RS26865	1284.87511412521	2.30155781638622	0.185437631215798	12.4114927552533	2.2639211680038e-35	4.3131601562831e-34
gene-BTH_RS10910	334.990740021156	-2.17821280218689	0.175553470830517	-12.4076886197811	2.37407715180571e-35	4.50361416780311e-34
gene-BTH_RS04320	559.666249008167	-2.26015136388939	0.182356134256861	-12.394161419905	2.81070589918996e-35	5.30911114291437e-34
gene-BTH_RS02175	2266.81545874245	2.09188448817793	0.169072899713715	12.372677653959	3.67366980015637e-35	6.88034767656405e-34
gene-BTH_RS15020	4132.62501678995	1.30107357718924	0.105154832847728	12.3729318182959	3.6620609869732e-35	6.88034767656405e-34
MSTRG.3011.1	132.231751756991	-3.02412315121622	0.244880989157037	-12.349358607323	4.91013208953532e-35	9.15729275769877e-34
gene-BTH_RS12690	615.035090320001	-1.94381112797907	0.15762506309126	-12.3318658204353	6.10172799155129e-35	1.13317805557381e-33
gene-BTH_RS01865	141.187046028599	-3.00342451911943	0.244657181620822	-12.276052962035	1.21796836573662e-34	2.25247706132044e-33
gene-BTH_RS16815	1554.48943354215	1.49045629952478	0.121455921807204	12.2715819644487	1.28713651215909e-34	2.370476409893e-33
gene-BTH_RS20650	1482.16728890472	1.45131790223619	0.118945705172521	12.2015158103537	3.05090983820351e-34	5.59544459952677e-33
gene-BTH_RS03290	1123.077929474	1.59475285854807	0.130746103889079	12.197326047291	3.21199265366748e-34	5.86653203686375e-33
gene-BTH_RS27070	1779.89993026873	1.34332891490908	0.110215225676688	12.1882335826239	3.59121269389394e-34	6.53216465309104e-33
gene-BTH_RS25545	1437.54732107232	1.30040385413644	0.106705270516725	12.1868755670566	3.65154660876164e-34	6.61468688964198e-33
gene-BTH_RS10725	737.588814290184	1.79850240452663	0.147702942174301	12.1764832714318	4.14784283363704e-34	7.48304707129621e-33
gene-BTH_RS14965	620.893564880883	1.79173976914209	0.147928182062944	12.1122273264989	9.09893176375279e-34	1.63484871527591e-32
gene-BTH_RS35465	307.075962540987	2.68825510341462	0.222273407337977	12.0943622343765	1.13117278392356e-33	2.02420392912636e-32
gene-BTH_RS19625	455.060428494116	-1.88460268418774	0.155912098364002	-12.0875974601267	1.2282615430945e-33	2.18907904051519e-32
gene-BTH_RS23775	1854.57511370148	1.19866157868951	0.0993102423671102	12.0698686270298	1.52377367781453e-33	2.70485126744587e-32
gene-BTH_RS26520	862.160937386027	1.78049438450824	0.147632169038991	12.0603415644323	1.71071959172038e-33	3.02455223816163e-32
gene-BTH_RS22280	289.463702161876	1.93425528477074	0.160540367747284	12.0484044724226	1.97740492883338e-33	3.48212342049544e-32
gene-BTH_RS10845	405.035370822759	1.68318592778017	0.140263720284441	12.0001517453467	3.54645607658125e-33	6.22037137241631e-32
gene-BTH_RS05770	680.257510984329	1.45537109867442	0.121286998771977	11.9993990568648	3.57885455352696e-33	6.25238621604314e-32
gene-BTH_RS20905	1187.4662465726	1.29868111349953	0.108357323007757	11.9851716289315	4.24963287385542e-33	7.39503043403188e-32
gene-BTH_RS03770	331.40258875821	-2.01444722815427	0.168236815369726	-11.9738787478069	4.86976621287924e-33	8.44092810232401e-32
gene-BTH_RS30445	344.099804957791	-2.15982266268888	0.180515713838504	-11.9647349073507	5.43709544369855e-33	9.38748510201077e-32
gene-BTH_RS26540	635.137657182768	1.46458345302725	0.122747566917668	11.9316699288191	8.09334349397735e-33	1.3919291145284e-31
gene-BTH_RS08055	718.982290161327	1.47598077464216	0.124350683799636	11.8695026801814	1.70478012849377e-32	2.92059231315599e-31
gene-BTH_RS04350	138.94940745938	-2.66070132518552	0.224598165156459	-11.8464962673761	2.24377490677338e-32	3.82914482159781e-31
gene-BTH_RS12750	222.202937612305	-2.02136487831378	0.170872576499158	-11.8296623116919	2.74242835148725e-32	4.66212819752832e-31
gene-BTH_RS08725	91.6198236156888	-3.87266272743346	0.327784494974793	-11.8146611166928	3.27868263146472e-32	5.55240506937703e-31
gene-BTH_RS27970	1647.49914475103	-1.77345800514231	0.150266013117728	-11.8021232369615	3.80585615018311e-32	6.42056648236998e-31
gene-BTH_RS23250	1292.72182320994	1.78093652919774	0.151657766939618	11.7431277351381	7.66001803512152e-32	1.28734903860217e-30
gene-BTH_RS35500	321.702754510054	-2.18724408574748	0.18636970753025	-11.7360493544396	8.32868946251708e-32	1.39442452364869e-30
gene-BTH_RS05825	919.525699561334	1.54088863574539	0.131689985840947	11.7008793486123	1.26139535432713e-31	2.10391225136827e-30
gene-BTH_RS19435	810.381970573858	1.40945652811674	0.120799344037432	11.6677498487078	1.86285325968312e-31	3.09541782248098e-30
gene-BTH_RS05590	777.018616398473	1.89435589773757	0.162372277984992	11.6667446022569	1.88499038428776e-31	3.1204709732404e-30
gene-BTH_RS28840	561.645353729336	-1.67009218123779	0.143171349301546	-11.664988766155	1.9242849523319e-31	3.17363413780113e-30
gene-BTH_RS11605	101.608606434292	-3.16507850997922	0.271445251413954	-11.66009901994	2.03805239720569e-31	3.34877010990675e-30
gene-BTH_RS09535	165.949549298903	-2.48577504844796	0.213248734754831	-11.6566930692734	2.12121823615677e-31	3.47251281622701e-30
gene-BTH_RS03760	375.66685184715	-1.7472850762501	0.150145103577647	-11.6373097398178	2.66282818154778e-31	4.34306293817018e-30
gene-BTH_RS28860	436.196119629333	-2.04107468069833	0.175645341316517	-11.6204316345645	3.2449267350383e-31	5.27300594443724e-30
gene-BTH_RS30840	1554.21343465941	-1.53348787310677	0.132378983523479	-11.5840734857643	4.96303771346108e-31	8.03539439322271e-30
gene-BTH_RS16330	262.379400525461	-1.94460863965102	0.168279619670911	-11.5558178908053	6.89875289523053e-31	1.11286451813573e-29
gene-BTH_RS01305	124.027417835134	-2.91160617449024	0.252132591871162	-11.5479167246179	7.56315147534451e-31	1.21560470985537e-29
gene-BTH_RS07755	881.039946624308	1.55868702388418	0.134991793769267	11.5465316843507	7.68599272968477e-31	1.23087274873937e-29
gene-BTH_RS24055	222.375024656	2.46508313217809	0.214029578276195	11.5174881529553	1.07705098280963e-30	1.71861564766013e-29
gene-BTH_RS00875	206.508524127336	-2.08706499161892	0.181446819740846	-11.502350907003	1.28370601839553e-30	2.04100021629794e-29
gene-BTH_RS00900	246.27176759007	-1.88345434542695	0.163825638256009	-11.4967007940704	1.37054573997656e-30	2.17125884254351e-29
gene-BTH_RS05245	592.468745697364	-1.8980858231678	0.165145320615393	-11.4934278252319	1.4234913786637e-30	2.24708281917627e-29
gene-BTH_RS22895	22348.0983742856	1.31918346576367	0.114971460202508	11.4740081011417	1.7820948369814e-30	2.80315273290313e-29
gene-BTH_RS13935	2611.96881430062	1.23559533839351	0.107736293622394	11.4687009999077	1.89482227548986e-30	2.9698987438529e-29
gene-BTH_RS06660	628.287069724321	1.68876487116074	0.147413715797218	11.4559548412971	2.19530586972425e-30	3.42871093433965e-29
gene-BTH_RS29145	613.941217043752	1.41596476695737	0.123694433740404	11.4472795916511	2.42641156581947e-30	3.77631659187397e-29
gene-BTH_RS00295	559.274997367743	-1.69260376106651	0.148367677269051	-11.4081705141014	3.80651099050517e-30	5.90343108001152e-29
gene-BTH_RS11045	287.812327177331	-1.87299570559072	0.164368107425285	-11.3951285010817	4.42177143886525e-30	6.83364676915538e-29
gene-BTH_RS16905	128.934506875097	-2.98776777832706	0.26228955359176	-11.3911047444053	4.63080840347623e-30	7.13176764577175e-29
gene-BTH_RS11705	324.650724204364	1.91492676395863	0.168247293865439	11.3816199949709	5.16316033197603e-30	7.92401689837988e-29
gene-BTH_RS26190	5482.97252865126	1.27300958691126	0.112226429188649	11.3432245516016	8.01362192892198e-30	1.22561276559983e-28
gene-BTH_RS08745	465.108115634964	-1.68382325002761	0.148477280958649	-11.3406121068216	8.25649246318029e-30	1.25753752598776e-28
rna-BTH_RS31635	355361.943893159	1.82685721255027	0.161093247891025	11.340371098521	8.27926289734023e-30	1.25753752598776e-28
gene-BTH_RS08800	1764.64343843799	-1.56261793317813	0.137869663486778	-11.3340229725591	8.90199530365518e-30	1.34749380966287e-28
gene-BTH_RS10735	427.007239123289	1.92392243180155	0.170007553971523	11.3166879168429	1.0849389004261e-29	1.63666550849262e-28
gene-BTH_RS08585	5370.16487965452	1.17091568813152	0.103522337373823	11.3107539670719	1.16087650018231e-29	1.7452633097979e-28
gene-BTH_RS05595	870.004092560541	1.35154486328077	0.119631382459712	11.2975779054959	1.34887071578693e-29	2.02101985212821e-28
gene-BTH_RS26180	12101.752966952	1.22200317143005	0.108265519635194	11.2870946867262	1.51977469239442e-29	2.26939329067005e-28
gene-BTH_RS27300	10191.9251486536	1.42153616952601	0.126031855606741	11.2791814631505	1.66285966959085e-29	2.47469351501399e-28
gene-BTH_RS00975	233.549070749219	-2.05085622638627	0.181915832793243	-11.273654386736	1.77065079266554e-29	2.62626728308111e-28
gene-BTH_RS19185	6980.23585810663	1.21774121886975	0.108094757204793	11.2654975168005	1.94251678810266e-29	2.87154655632567e-28
gene-BTH_RS09955	143.151169190367	-2.49456508772115	0.221466936902226	-11.2638262063581	1.97972373852954e-29	2.91679297476685e-28
gene-BTH_RS02835	167.494340252956	-2.48440051059937	0.220606256342784	-11.26169561909	2.028182158661e-29	2.9782608442796e-28
gene-BTH_RS28055	207.779301036485	-2.24638771821568	0.199658339502562	-11.2511589739373	2.2856871833396e-29	3.34527726833146e-28
gene-BTH_RS08595	955.207939170342	1.71681016499811	0.153069683349616	11.215873237791	3.40805857934216e-29	4.97149139296778e-28
gene-BTH_RS34410	669.648989779217	1.65725029180914	0.1478047738241	11.2124273724839	3.54340391910018e-29	5.15192280342856e-28
gene-BTH_RS04405	1435.42424286215	-1.31324901207922	0.117237588125866	-11.2016037951012	4.00417997857994e-29	5.80277885420437e-28
gene-BTH_RS09065	161.948708828375	2.19593066968745	0.196140417856037	11.1957071045867	4.27974011968505e-29	6.18184683954507e-28
gene-BTH_RS09475	153.024728358909	-2.87483928563682	0.25711160639022	-11.1812894252376	5.0353008394206e-29	7.24952107825376e-28
gene-BTH_RS35575	91.5794666918704	-3.57957136868418	0.320897861256395	-11.1548620320162	6.77979069224731e-29	9.72943988952374e-28
gene-BTH_RS07795	250.901335321943	-2.0848272953438	0.187269985777581	-11.1327359089989	8.69258224817339e-29	1.24340496883257e-27
gene-BTH_RS12730	583.240204826847	-1.66467210823459	0.149637327090155	-11.1247115984078	9.51129678807694e-29	1.35612683236452e-27
gene-BTH_RS13090	672.194184842822	1.47792651153616	0.132882075104078	11.1220908491878	9.79491934030769e-29	1.39207535318842e-27
gene-BTH_RS07595	911.752683476851	1.39957891192454	0.125897649571025	11.1167993738832	1.03933955169775e-28	1.47239769823849e-27
gene-BTH_RS29935	121.420788671911	-2.80918334681851	0.252735271693858	-11.1151218743275	1.05905928152305e-28	1.49554058285363e-27
gene-BTH_RS06450	966.207089376286	1.4300758085436	0.128734428916102	11.1087284154233	1.13767998341854e-28	1.60144761997133e-27
gene-BTH_RS00710	234.358711159791	-1.84807450482545	0.166469404633405	-11.1015865581741	1.23236565315495e-28	1.72922418633171e-27
gene-BTH_RS12835	2642.10036457756	1.09718408471581	0.0992574629277375	11.0539203033488	2.09846493180074e-28	2.93519461979724e-27
gene-BTH_RS11365	377.176974604284	-1.60326960986757	0.145391505124264	-11.0272578064123	2.82343048023264e-28	3.9367705749616e-27
gene-BTH_RS34345	97.3137715318085	-3.00266624289678	0.272490354981461	-11.0193487145667	3.0828148240502e-28	4.284918717705e-27
gene-BTH_RS22210	222.071845846821	2.15606718375467	0.195895984597792	11.006183654971	3.56799315485522e-28	4.94373973180567e-27
gene-BTH_RS06320	2816.51671565685	1.56440853623234	0.142400344564897	10.985988418865	4.46325910850082e-28	6.16487664361676e-27
gene-BTH_RS10320	3383.66623503804	1.08138668525093	0.0984579679106792	10.983231811487	4.601610969808e-28	6.33617460640229e-27
gene-BTH_RS07010	90.526315262821	-3.06874583198681	0.279828316875007	-10.9665307151797	5.53558072604798e-28	7.59853006494785e-27
gene-BTH_RS11050	133.996189365234	-2.66315718250971	0.242929986871246	-10.9626531364413	5.77801698192431e-28	7.906760080528e-27
gene-BTH_RS00690	230.719498841574	-1.84541038129419	0.168501963607144	-10.9518627663989	6.50949850061701e-28	8.88024178170592e-27
gene-BTH_RS00950	190.153800316273	-2.12983003405057	0.194907348288776	-10.9273973133891	8.52587729950958e-28	1.1595193127333e-26
gene-BTH_RS20470	518.655601463984	1.4679262466118	0.134392690165588	10.9226643562468	8.98215542312338e-28	1.21410174220811e-26
gene-BTH_RS28115	303.959867402938	-1.88221589564642	0.172319757144221	-10.9228095886366	8.96780068976293e-28	1.21410174220811e-26
gene-BTH_RS25315	479.586088148293	1.95652469483145	0.1794856716649	10.900729159508	1.14337317227447e-27	1.54076506751621e-26
gene-BTH_RS22655	657.019210346913	1.4289021418548	0.13122869890122	10.888640623728	1.30574692235886e-27	1.75422534857938e-26
gene-BTH_RS22000	105.387744679811	-2.97129266964062	0.273093589246645	-10.8801260323877	1.43364607506622e-27	1.9202168641796e-26
gene-BTH_RS05955	334.018507372478	1.84564595399571	0.170045917309483	10.8538092722135	1.91283536708099e-27	2.55429979531661e-26
gene-BTH_RS05340	271.338386570794	-1.90986134123962	0.175974848263853	-10.8530358746269	1.92909452428275e-27	2.5682523485933e-26
gene-BTH_RS02025	211.069591820727	-2.04026456644732	0.188395249521475	-10.8297028275904	2.48961973998184e-27	3.30454031553145e-26
gene-BTH_RS03175	3959.44886308258	1.19683423143265	0.110669124473764	10.8145269705859	2.93804433727943e-27	3.88807064993266e-26
gene-BTH_RS27240	266.468814065321	-1.91553399754973	0.177792407125755	-10.7739921435163	4.56756839250271e-27	6.02646337160059e-26
gene-BTH_RS13035	1967.79250498019	1.34683820665224	0.12503255588832	10.7719001429935	4.67256873713105e-27	6.14665292205929e-26
gene-BTH_RS01990	172.38293464497	-2.63136215613938	0.24464807663144	-10.7557034266143	5.57073518320047e-27	7.30642418686827e-26
gene-BTH_RS02895	287.259508236782	-1.74117838707968	0.162136569111472	-10.7389615841852	6.67913892104699e-27	8.73425858906145e-26
gene-BTH_RS11715	754.342450627129	1.55696096000169	0.145027720359158	10.7356094141583	6.926047373228e-27	9.03042164886955e-26
gene-BTH_RS13335	1167.21250292005	1.31458116530847	0.122559431696731	10.7260709935515	7.67922495283309e-27	9.98299243868302e-26
gene-BTH_RS09730	265.116716253366	-1.82800147906447	0.170437326408932	-10.7253588024405	7.73861457751867e-27	1.00306969010653e-25
gene-BTH_RS05275	368.263846094747	-1.51790711903156	0.141546040814268	-10.7237695261523	7.87279141978815e-27	1.01747772150478e-25
gene-BTH_RS11370	157.164331655243	-2.1892996532704	0.204564706330362	-10.7022354566618	9.93519720386035e-27	1.28027905659075e-25
gene-BTH_RS07870	694.681416906146	1.31552656498928	0.123118845555772	10.6850138096313	1.1963125039372e-26	1.5371224614542e-25
gene-BTH_RS03255	703.954981480229	-1.47524641937121	0.138103013527461	-10.6822174382014	1.23290924473463e-26	1.57955329325423e-25
MSTRG.648.1	89.8116412904552	-3.02050114162978	0.284124454650447	-10.6309087169066	2.14016882599167e-26	2.73397289331884e-25
gene-BTH_RS02540	137.526098521318	-2.439505702982	0.230021435931222	-10.6055580998609	2.8078255575748e-26	3.57653860647856e-25
gene-BTH_RS17935	5432.61592395981	1.05493549177736	0.099488780510392	10.6035623953312	2.86841300144769e-26	3.64321421448241e-25
gene-BTH_RS05160	128.653026313457	-2.72232037227153	0.256931061399211	-10.5955284559452	3.12570558160027e-26	3.9586299915969e-25
gene-BTH_RS16670	474.220153722091	1.33897829929064	0.126777760982968	10.5616181332507	4.48856728411727e-26	5.66841925594238e-25
gene-BTH_RS28120	657.360643505516	-1.27841941709455	0.121188350946544	-10.549028905084	5.13248074709968e-26	6.46312390375515e-25
gene-BTH_RS25570	1107.39153670129	1.1881773203957	0.112799466074258	10.5335367422174	6.05170905197915e-26	7.59902102549655e-25
gene-BTH_RS00150	199.229020248026	-2.12736161012857	0.202106396784283	-10.5259489257987	6.55971157798759e-26	8.21357653674367e-25
gene-BTH_RS12435	171.757052093311	-2.42716271033795	0.230782954808065	-10.517079618625	7.20729395089048e-26	8.99893764489716e-25
gene-BTH_RS06980	251.544040626995	-1.88643033925711	0.17964513788218	-10.5008705579014	8.55871304352867e-26	1.06562004654639e-24
gene-BTH_RS09835	168.603551429115	-2.05856937499528	0.196206205541633	-10.4918668057034	9.41495539281511e-26	1.16893547292817e-24
gene-BTH_RS03310	2018.4065572302	1.17222628614104	0.111799858945953	10.4850426216345	1.01200022163685e-25	1.25295265535991e-24
gene-BTH_RS28255	3235.2255451312	1.51884343483118	0.145161438465374	10.4631329841326	1.27566491861669e-25	1.5749829442139e-24
gene-BTH_RS02870	175.771118821055	-2.40160662993902	0.229571264064366	-10.4612684855264	1.30102107984957e-25	1.60181425429947e-24
gene-BTH_RS12560	145.74493850453	-2.44891304549364	0.234935464396441	-10.4237691477742	1.9314382618257e-25	2.37137697701933e-24
gene-BTH_RS10190	330.999070239133	-1.6338242242471	0.156758596339569	-10.4225494639409	1.95637418243919e-25	2.39533902669839e-24
gene-BTH_RS12650	83.1178791186751	-3.07100306764398	0.294724756572177	-10.4199019565291	2.01160457235828e-25	2.45615806901204e-24
gene-BTH_RS28565	560.159702684269	-1.42632304086554	0.136973368106589	-10.4131413323765	2.15974998765332e-25	2.62977822188091e-24
gene-BTH_RS08755	145.494336223125	-2.24992370736587	0.216074136171682	-10.4127395681369	2.16888653400665e-25	2.63364793415093e-24
gene-BTH_RS28005	1551.34568948888	1.08421896424543	0.104389818308524	10.3862520484615	2.86386671046882e-25	3.46802489322526e-24
gene-BTH_RS14280	2405.66923293204	1.15893396311758	0.111615345917345	10.3832851441038	2.9543065492925e-25	3.56776911144067e-24
gene-BTH_RS09495	175.371368805059	-2.45902953833137	0.237218898873554	-10.3660777029494	3.53748065648028e-25	4.26039904676917e-24
gene-BTH_RS13105	827.682292342878	1.23197855152926	0.118899599532374	10.3615029518566	3.71084684879058e-25	4.45704974773217e-24
gene-BTH_RS22265	279.769632256384	1.84270160682375	0.178098187738233	10.346548890953	4.33843356869593e-25	5.1967144644e-24
gene-BTH_RS16430	2208.52793041617	1.21317489806409	0.117266090079284	10.3454877470875	4.3867678401649e-25	5.24040914960239e-24
gene-BTH_RS34285	158.736131593716	-2.04743231572472	0.198018807152025	-10.3395851392683	4.66552862672928e-25	5.55839259572599e-24
gene-BTH_RS20520	64898.7166467555	1.13564297372887	0.110002418501256	10.3238000509589	5.50022107486261e-25	6.5352089115303e-24
gene-BTH_RS19715	1314.87376849518	-1.23679400460168	0.119872859526118	-10.3175481880635	5.87030512751702e-25	6.95623288569041e-24
gene-BTH_RS04380	106.573440455318	-2.45498454144892	0.239025399306315	-10.2708103346909	9.53999324759962e-25	1.12745374744359e-23
gene-BTH_RS02020	101.988623274755	-2.52535824250229	0.246042266026877	-10.2639204364442	1.0246055093571e-24	1.20766836036223e-23
gene-BTH_RS12180	1288.90798874534	-1.21026746284028	0.118109887000842	-10.2469614828406	1.22122301013921e-24	1.43558662362109e-23
gene-BTH_RS00770	143.06863329988	-2.09020790509823	0.204043584014695	-10.2439285959009	1.26013232391743e-24	1.4773965176963e-23
gene-BTH_RS25735	501.915497770801	1.26606619896135	0.123610716113078	10.2423660243434	1.28065562628739e-24	1.49748620851595e-23
gene-BTH_RS27220	467.228187905688	-1.52363286375606	0.148775581237884	-10.2411487898666	1.29687232285043e-24	1.51244740554061e-23
gene-BTH_RS01460	167.492964846129	-2.08666101289639	0.204724637772025	-10.1925251186427	2.14128830070844e-24	2.48411923599247e-23
gene-BTH_RS11690	91.4533407739379	-2.98831051632883	0.293873852420865	-10.1686845961688	2.73578169135396e-24	3.16548562193311e-23
gene-BTH_RS11280	127.371126007879	-2.2780103140349	0.224133781765282	-10.1636187820205	2.88177416924785e-24	3.32570282717376e-23
gene-BTH_RS10100	149.109121579532	-2.22914203540107	0.2196031296939	-10.1507753487313	3.28741151676715e-24	3.78394763127886e-23
gene-BTH_RS00260	229.011582390236	-1.92283292684187	0.189531281152557	-10.1452009143237	3.48061466550579e-24	3.9959264471521e-23
gene-BTH_RS07695	114.382829094467	-2.61811026441583	0.258956041244021	-10.1102498008483	4.97572452434841e-24	5.6975912947202e-23
gene-BTH_RS03065	536.433173310241	1.39450285211502	0.138023753439899	10.1033540775446	5.33844408032097e-24	6.09713768346736e-23
gene-BTH_RS23565	7289.13197309426	1.08507024609841	0.107399839777076	10.1030899892461	5.35284413029896e-24	6.09782759173233e-23
gene-BTH_RS00870	93.8739237295378	-2.68087662815413	0.265405621977966	-10.1010544093776	5.46513782257067e-24	6.20974528939907e-23
gene-BTH_RS05010	143.620228436477	-2.1505679832253	0.213021320903314	-10.0955527554981	5.78044879145835e-24	6.55117529698613e-23
gene-BTH_RS31105	99.9032842051037	-2.6125876154716	0.258909686299127	-10.0907295235497	6.07165855789993e-24	6.86361402197384e-23
gene-BTH_RS02955	103.586012977629	-2.69169500424623	0.266961351402182	-10.0827141835641	6.58806744501513e-24	7.42838217014461e-23
gene-BTH_RS28570	515.592251813059	-1.36017794331716	0.135062500794615	-10.0707297385641	7.44238186574414e-24	8.37031242915754e-23
gene-BTH_RS34390	386.096847917838	-1.60753661352512	0.159720670702925	-10.0646748254337	7.91484493848218e-24	8.87909000712976e-23
gene-BTH_RS26605	106.924135698227	-2.5004996071748	0.248621019423824	-10.0574746776024	8.51546126855127e-24	9.5286933688599e-23
gene-BTH_RS09405	621.516326166021	1.28232112434212	0.127659952284489	10.0448190790834	9.682519125928e-24	1.08072561961116e-22
gene-BTH_RS07825	129.647219192926	-2.22556920915417	0.221596807097308	-10.0433270601091	9.83014607086328e-24	1.09443943660493e-22
gene-BTH_RS00700	151.054119061529	-2.09891432053809	0.209112391083088	-10.0372546536667	1.04543261718499e-23	1.16100808240142e-22
gene-BTH_RS00920	114.139548585731	-2.47737524035491	0.246844457237701	-10.0361793336494	1.05688782999707e-23	1.17078802220227e-22
gene-BTH_RS16635	3708.78054298994	1.10745171680971	0.110381262808747	10.0329683555853	1.09183886477991e-23	1.2064819455818e-22
gene-BTH_RS21420	136.104599573814	2.19516033020796	0.218884552794857	10.0288499219281	1.1383475942124e-23	1.25473724848349e-22
gene-BTH_RS08160	1975.37938607309	1.18432694768289	0.118211120221866	10.0187439680808	1.26095178507143e-23	1.38641962438202e-22
gene-BTH_RS01710	231.156713820193	-2.11740297089201	0.211521243059809	-10.0103561243411	1.37257555393463e-23	1.50540544625089e-22
MSTRG.929.1	508.018800270546	1.74589255713278	0.174587167480177	10.0001196097703	1.52213100687619e-23	1.66530174514672e-22
gene-BTH_RS29830	285.695240531049	-1.58013345917561	0.158070656584455	-9.9963743639628	1.58078991628575e-23	1.72520776048963e-22
gene-BTH_RS35065	108.888503493102	-2.6817108073346	0.26839788558425	-9.99154967818408	1.65966527407505e-23	1.80682771217037e-22
gene-BTH_RS09380	63.7801473579275	-3.48161880248611	0.348523384054649	-9.98962755951028	1.69216327492918e-23	1.83768100127444e-22
gene-BTH_RS26805	294.023143141202	-1.57561640036996	0.157952327345205	-9.97526549214091	1.95577694979493e-23	2.11875836227784e-22
MSTRG.69.1	215.789901403757	-1.77807514543799	0.178664727101862	-9.95202116433569	2.47112582118336e-23	2.67050761115659e-22
gene-BTH_RS20370	158.413174205683	-2.29248735897181	0.230488009266087	-9.94623263167344	2.61911192839109e-23	2.82353042036308e-22
gene-BTH_RS16870	239.266921566416	-1.80500080801799	0.181595410396414	-9.93968296928737	2.79715923707103e-23	3.00813718439269e-22
gene-BTH_RS09525	115.882871709726	-2.37438871234645	0.238891257325068	-9.93920304549081	2.8106671429041e-23	3.01532737175634e-22
gene-BTH_RS20530	14649.059839279	1.07290098414602	0.108062549076555	9.92851818983038	3.12870308397459e-23	3.34839409955634e-22
gene-BTH_RS28065	138.218749353488	-2.24943880370322	0.226638561474817	-9.92522538558898	3.23371330231601e-23	3.45241854981565e-22
gene-BTH_RS23130	755.538463757714	1.20764320566698	0.121737013165591	9.92009886117629	3.4041882968773e-23	3.62566560775848e-22
gene-BTH_RS07535	218.840174180966	-1.93098939451408	0.194887447511464	-9.90822866824448	3.8338274963879e-23	4.06367326955264e-22
gene-BTH_RS12465	119.924552474523	-2.14862928371517	0.217144046250212	-9.89494909401907	4.37833113007051e-23	4.62971856337599e-22
gene-BTH_RS00685	233.506771819102	-1.71019526574431	0.172987064448448	-9.88626098256013	4.77531350017538e-23	5.03744288085327e-22
gene-BTH_RS12820	484.343655009764	-1.50893676821887	0.153298580596913	-9.8431228935283	7.33964878964589e-23	7.72410658338925e-22
gene-BTH_RS09450	1866.87746569204	1.13917358860328	0.115792024042396	9.83810066387802	7.71535985454038e-23	8.10021153374548e-22
gene-BTH_RS02335	145.716741602631	-2.12417376645872	0.216421094172264	-9.81500335992177	9.70347576670375e-23	1.0163356134794e-21
gene-BTH_RS25595	425.30163489825	1.34189146620803	0.13688809382496	9.80283550389648	1.09468705026659e-22	1.1438573905859e-21
gene-BTH_RS06315	2784.56802741946	1.41110053307206	0.143993388152659	9.79975921933331	1.128543372409e-22	1.17368510730536e-21
gene-BTH_RS19270	1758.45435897243	1.3714747776745	0.139946744765726	9.79997626933287	1.12612099505099e-22	1.17368510730536e-21
gene-BTH_RS12740	144.107229947496	-2.02017855454605	0.206214156668468	-9.79650760735068	1.16545638822329e-22	1.20922939810961e-21
gene-BTH_RS10740	395.666674828228	1.3519250746038	0.138154434955778	9.78560749813451	1.29813358478218e-22	1.34373546715157e-21
gene-BTH_RS20200	901.263882425113	1.32253805738423	0.135287754135902	9.7757410922476	1.43106129186205e-22	1.477871707951e-21
gene-BTH_RS00835	256.751064266912	-1.79607604420659	0.184119351315501	-9.75495531226859	1.75678031898334e-22	1.81001608622526e-21
gene-BTH_RS25760	372.271672273851	1.33411476544801	0.137123075999027	9.72932349809211	2.26091539555965e-22	2.32401070892411e-21
gene-BTH_RS10730	193.7099187939	1.82540195572455	0.187888151529954	9.71536491716213	2.5931847109006e-22	2.65936807939226e-21
gene-BTH_RS21005	3099.20003552366	1.01151813035955	0.104132285943325	9.7137801326101	2.63383798037316e-22	2.69480645214105e-21
gene-BTH_RS24370	5757.8573299279	2.93601640773344	0.302439123571045	9.70779300332071	2.79319453934791e-22	2.85125170067385e-21
gene-BTH_RS12745	71.462607619032	-3.37346389510887	0.347675453764969	-9.70291074212373	2.93017718396557e-22	2.98418966661931e-21
gene-BTH_RS02985	78.6459949638567	-2.84994275696625	0.293731564294918	-9.70254171970701	2.9407971432166e-22	2.98812031563618e-21
gene-BTH_RS26110	360.064607678493	-1.42554982960489	0.147175913915471	-9.6860266852064	3.45717313149349e-22	3.50474890853239e-21
gene-BTH_RS02410	161.292638132211	-2.00680980693189	0.207866671449218	-9.65431251167243	4.71309878007305e-22	4.76702439540569e-21
gene-BTH_RS34960	121.960156137438	-2.22953772629419	0.231053365778393	-9.64944924642466	4.94204321543969e-22	4.98717603019257e-21
MSTRG.3902.3	141.783832568437	-1.99105687452596	0.206605622050239	-9.63699271475683	5.57986891074645e-22	5.61800013337114e-21
gene-BTH_RS11040	136.011495508996	-1.98599394774788	0.207026145603155	-9.59296199985678	8.55918439415594e-22	8.59808977776574e-21
gene-BTH_RS16945	61.9496757210969	-3.26153826725896	0.340321924502289	-9.58368542381999	9.36424973905964e-22	9.38548386545206e-21
gene-BTH_RS05120	97.0640370532247	-2.50591956079888	0.262705827753913	-9.538880740576	1.44382107512108e-21	1.44056188533525e-20
gene-BTH_RS17395	545.720076441067	1.16009492210135	0.121685509079471	9.53355030420022	1.51994266575671e-21	1.51309607717222e-20
gene-BTH_RS03265	303.684101309348	-1.59186702310913	0.16713883533899	-9.52421990903858	1.66286094486505e-21	1.64426071058245e-20
gene-BTH_RS27975	194.707410822835	-2.32390670429993	0.244116186746619	-9.51967477155473	1.73721886425453e-21	1.71395254017969e-20
gene-BTH_RS31035	132.045228283584	-2.05135510019983	0.21585458165037	-9.50341236454508	2.03122684016326e-21	1.99955960657496e-20
gene-BTH_RS09950	89.201807132355	-2.75397531660561	0.289800003749665	-9.50302029321073	2.03889153267159e-21	2.00264457209077e-20
gene-BTH_RS22030	228.88439617298	-1.63024448494842	0.171711863076909	-9.49407021586063	2.22185281781348e-21	2.17751429151565e-20
gene-BTH_RS09570	100.191021614062	-2.45540545722643	0.258948960631551	-9.48219854305628	2.48980979942995e-21	2.43472551183195e-20
gene-BTH_RS12675	1410.97612551059	-1.07346022690377	0.113211174602392	-9.48192818132891	2.49627050532242e-21	2.43565466523733e-20
gene-BTH_RS16955	98.3392997221664	-2.82980123630143	0.298636812569475	-9.47572809913746	2.64906731500303e-21	2.57904791460647e-20
gene-BTH_RS19345	5125.73873697364	1.21075234802888	0.127797616035692	9.47398226654505	2.69373713377804e-21	2.61677321567009e-20
gene-BTH_RS05485	288.402032826264	-1.47166334739241	0.155707233857696	-9.45147705043293	3.34082639384738e-21	3.23825716245733e-20
gene-BTH_RS25590	456.596683423141	1.25035520227009	0.13258396892916	9.43066656073752	4.07491091616438e-21	3.94116110491172e-20
gene-BTH_RS07995	825.154907133036	1.51335461052001	0.160659476605211	9.41964110986603	4.52632467448084e-21	4.36819979502299e-20
gene-BTH_RS07610	128.696701518037	-2.05332612356239	0.218303899568856	-9.40581513943476	5.16284514664629e-21	4.97162865973346e-20
gene-BTH_RS16715	185.476057206119	-1.7420634894336	0.185579450423534	-9.38715728200415	6.16414296283288e-21	5.92293736863507e-20
gene-BTH_RS05290	97.7324119603547	-2.36168562535278	0.252184152781206	-9.36492479526172	7.61044701144984e-21	7.29678433635755e-20
gene-BTH_RS02035	268.022230180045	-1.53601456220643	0.16414188164071	-9.35784668027999	8.13782239881301e-21	7.78553571488171e-20
gene-BTH_RS35110	158.4271881565	-1.97665540489653	0.21126978878284	-9.35607223486316	8.27560123220684e-21	7.90024998841344e-20
gene-BTH_RS18795	4785.48231309611	3.48802975385088	0.373072959298204	9.34945743699112	8.80984779112e-21	8.39213949067896e-20
gene-BTH_RS16035	659.105167967485	1.17943358237615	0.126187590884659	9.34666851239124	9.04518960414056e-21	8.59779312909705e-20
gene-BTH_RS10140	400.326087312618	1.37528565168072	0.147268709914009	9.33861410535719	9.7603271587289e-21	9.25764936514629e-20
gene-BTH_RS06700	215.803854805872	1.88866039752051	0.202396883352187	9.33146976494739	1.04412815446738e-20	9.88232642986262e-20
gene-BTH_RS34670	264.839829904049	1.46235366958687	0.156949347554958	9.31736061581782	1.19270278690872e-20	1.12644152096935e-19
gene-BTH_RS07620	212.698196748111	-1.80827111084826	0.194264280786875	-9.30830466374871	1.29888958325332e-20	1.22411342387626e-19
gene-BTH_RS34455	239.452248603199	1.53346127525448	0.16489368678771	9.29969670232867	1.40846881095898e-20	1.32456003073163e-19
gene-BTH_RS25450	365.205303117296	1.30648948285498	0.14061451286117	9.29128477758827	1.52437006426045e-20	1.43051288408306e-19
gene-BTH_RS02370	700.788691305784	1.53138219147069	0.165158427550106	9.27220132927275	1.82343076298512e-20	1.70753473991404e-19
gene-BTH_RS25535	462.155819210626	1.54095226327147	0.166313055812716	9.26537159540092	1.9439922628764e-20	1.81658473613397e-19
gene-BTH_RS06795	239.023593001455	-2.07680642785486	0.224230945482694	-9.26190817857098	2.00810842969671e-20	1.87253992811381e-19
gene-BTH_RS26735	544.77597404809	1.10566544163797	0.1194195162513	9.25866622429847	2.07001735847973e-20	1.9262056262064e-19
gene-BTH_RS01720	109.576576993657	-2.36427219490319	0.255707949858361	-9.24598627540827	2.33081078647406e-20	2.16432430172592e-19
gene-BTH_RS05250	609.825163104984	-1.34523867262865	0.145660627558092	-9.23543098214478	2.57248285587495e-20	2.3837262521944e-19
gene-BTH_RS22820	130.89034285557	-1.99723234157726	0.216465276068103	-9.22657147536635	2.7943292341064e-20	2.5838776599896e-19
gene-BTH_RS09080	283.236007424721	1.36511944669056	0.147963580342578	9.22605038030248	2.80795117782087e-20	2.59105307013951e-19
gene-BTH_RS09145	86.0910339115474	-2.42559400912168	0.262917085383367	-9.22569944659491	2.81716190717725e-20	2.59413658952572e-19
gene-BTH_RS25720	256.807416731675	1.5520983340182	0.168329761334819	9.22058180152098	2.95492495230171e-20	2.71533644265563e-19
gene-BTH_RS28575	88.9050153615279	-2.46962133349975	0.268003997236849	-9.2148675354167	3.11662880381346e-20	2.85798740930612e-19
gene-BTH_RS16975	105.647063234307	-2.33140474691146	0.253367233602337	-9.20168213452033	3.52389414718837e-20	3.22476441626762e-19
gene-BTH_RS22230	282.593904059176	1.42050844648865	0.154527395742316	9.19259940714611	3.83460823170194e-20	3.50185297192615e-19
gene-BTH_RS16535	1024.89863098867	1.03260943130071	0.11253785412962	9.17566306277138	4.48803798967076e-20	4.08171356262238e-19
gene-BTH_RS28130	314.598933962135	-1.52011404695313	0.165977389797925	-9.15856098715519	5.25939446445044e-20	4.77341345644167e-19
gene-BTH_RS10360	765.560912441573	-1.41822335985298	0.155292931443494	-9.13256866664935	6.68929309243517e-20	6.03401540174765e-19
gene-BTH_RS01180	317.239538348769	-1.86790122155357	0.204781898686282	-9.12141763279148	7.41479747930674e-20	6.66277551627811e-19
gene-BTH_RS06605	90.7709964140087	2.29967375342963	0.25211870085152	9.12139300124339	7.41648315386613e-20	6.66277551627811e-19
gene-BTH_RS33340	49.7311164082504	-3.69233404588344	0.405278351907285	-9.11061256666413	8.19181222088447e-20	7.34438337044815e-19
gene-BTH_RS23915	577.630887885515	1.29947687242043	0.142696079291515	9.10660530318924	8.49999577739686e-20	7.60525937977614e-19
gene-BTH_RS23965	405.07468791701	1.45411408049042	0.159710633088267	9.104679208721	8.65217472015044e-20	7.72578025516464e-19
gene-BTH_RS24235	175.394601074496	-1.66707409644388	0.183637142600473	-9.07808775957061	1.10499050370839e-19	9.82707852392569e-19
gene-BTH_RS25580	586.440164499508	1.13263586598505	0.124905936107491	9.06791063164795	1.21321004656312e-19	1.07462693503186e-18
gene-BTH_RS09695	140.94623477665	-1.86890088741899	0.206219066757423	-9.06269685342623	1.27264343524549e-19	1.12501679675701e-18
gene-BTH_RS09970	92.4718172767134	-2.56874137632997	0.283639446547941	-9.05636154488758	1.34874469787908e-19	1.18991049194123e-18
gene-BTH_RS07550	130.861617309885	-2.39012936845792	0.264137948897091	-9.04879203627466	1.4455859965024e-19	1.27280679373319e-18
gene-BTH_RS04265	94.8552034510158	-2.22150238766539	0.245708918413074	-9.04119558220802	1.54967483758366e-19	1.36174210380114e-18
gene-BTH_RS04180	374.326630845352	1.36265021835779	0.150867471931915	9.03210082934741	1.68407150501271e-19	1.47690397860242e-18
gene-BTH_RS27225	571.522738613786	1.36230635024969	0.150891040227057	9.02841115151523	1.74182296451438e-19	1.52452623824823e-18
gene-BTH_RS05490	4401.40400459958	1.00238372800068	0.111212672013719	9.01321503971265	2.00102395182679e-19	1.74793001325581e-18
gene-BTH_RS14880	144.901414345709	1.75487249349803	0.194898178310992	9.00404769662776	2.17545578353803e-19	1.89281782740908e-18
gene-BTH_RS25745	397.4203843623	1.18470713080125	0.13164294857738	8.99939680479642	2.26961195452201e-19	1.97086146149062e-18
gene-BTH_RS09735	458.552040655318	-1.19269649799438	0.132563152210318	-8.99719475667044	2.31558549326372e-19	2.00684076082856e-18
gene-BTH_RS10155	1252.55983371316	1.13655992124596	0.12637320252688	8.99367823652497	2.39091708672641e-19	2.06807309654221e-18
gene-BTH_RS10015	58.0493531984061	-3.1615355531316	0.35162124547404	-8.99130980799912	2.4430135142356e-19	2.10489663409773e-18
MSTRG.3995.1	150.236694327244	-1.72976786304191	0.192430109658058	-8.98907071307941	2.49329582594094e-19	2.14404037950563e-18
gene-BTH_RS05115	164.644895601285	-2.33856677152671	0.26042876510179	-8.97967922480708	2.71557304738514e-19	2.33064715911501e-18
gene-BTH_RS10350	185.50454468161	-1.89283453134294	0.211632668948681	-8.9439619163993	3.75461980636888e-19	3.20994575322059e-18
gene-BTH_RS34710	160.617877401685	-1.85773186981848	0.207962030614396	-8.93303390205442	4.14482593791214e-19	3.52989029779801e-18
gene-BTH_RS16965	255.462676046242	-1.73612326012534	0.194374619135453	-8.93184134763753	4.18976047492349e-19	3.56129640368497e-18
gene-BTH_RS07370	603.372440645328	-1.18079320077622	0.132259212597226	-8.92787109183943	4.34285286617694e-19	3.68433966765875e-18
gene-BTH_RS07330	203.938379405218	-1.61756107407213	0.181273878322951	-8.92329931392734	4.52599462368804e-19	3.8323556009006e-18
gene-BTH_RS02560	521.436348265874	1.20855435950217	0.135471238492027	8.92111397928423	4.61621220338179e-19	3.90127302847945e-18
gene-BTH_RS28060	180.467840213606	-2.01228820088262	0.22557192820823	-8.92082723620217	4.62818094926926e-19	3.90392362514697e-18
rna-BTH_RS23030	161.988155821907	-1.99826759625118	0.224093836345327	-8.9171019999491	4.78648794778113e-19	4.02976699603668e-18
gene-BTH_RS06585	313.43764405594	1.41114762333596	0.158290298418647	8.91493437964055	4.88105229587514e-19	4.1015686592715e-18
gene-BTH_RS35050	232.718252857119	-1.55140892062654	0.17452714112922	-8.88921293610076	6.15432871304234e-19	5.16169504964842e-18
gene-BTH_RS02945	209.478187996836	-1.66887938246799	0.187940826743256	-8.87981292509595	6.69729008505074e-19	5.60644359392505e-18
gene-BTH_RS01810	183.687379590696	-1.66494405347377	0.18780541354394	-8.86526124064164	7.63249032370038e-19	6.36520891146334e-18
gene-BTH_RS33550	222.628721328064	-1.54599251554726	0.174405334540837	-8.86436484077422	7.69414223327099e-19	6.40454023937058e-18
gene-BTH_RS00370	131.055014662149	-1.98680903846159	0.224231179533345	-8.86053867529219	7.96287306520474e-19	6.61577047898589e-18
gene-BTH_RS01950	81.9688258209504	-2.361587543162	0.266897074981023	-8.84830807280262	8.88560831577412e-19	7.36855323747122e-18
gene-BTH_RS34105	233.17237409	-1.6568004587374	0.187280506980907	-8.84662523316592	9.02056907603693e-19	7.46646354233768e-18
gene-BTH_RS03470	282.170559941039	1.30832167881931	0.148067635931807	8.83597330764339	9.92304723823367e-19	8.19810631644726e-18
gene-BTH_RS07815	109.101363845081	-2.31874455815611	0.263082689622882	-8.81374810893082	1.21029828414966e-18	9.98044480586102e-18
gene-BTH_RS10385	199.297691130817	-1.56296740608052	0.177881240626935	-8.78657805945084	1.54184559331867e-18	1.26907961312263e-17
gene-BTH_RS25365	105.648945076277	-2.02400181248904	0.230432144327798	-8.78350465553897	1.58458324009966e-18	1.30183232736812e-17
gene-BTH_RS01380	100.027398048997	-2.22093434905152	0.252912189224385	-8.78144448420039	1.61388399127391e-18	1.32344475722276e-17
gene-BTH_RS20380	958.512410666148	1.21326779922996	0.138229685971128	8.77718697475281	1.67614216254503e-18	1.37195339971278e-17
gene-BTH_RS17330	193.320004592271	-1.63847845506112	0.186786248306696	-8.77194370524969	1.75608198808969e-18	1.43472872224703e-17
gene-BTH_RS10020	139.565524411805	-1.84595577928442	0.210607957897229	-8.76489092679581	1.86957577849537e-18	1.51903032002749e-17
MSTRG.2205.1	167.27995247075	-1.66013842944987	0.189827509120473	-8.74551026424877	2.22010044787226e-18	1.79393857030994e-17
gene-BTH_RS23610	7327.28543534638	1.01582178886878	0.116306807048226	8.73398397436513	2.45855964779069e-18	1.98241437252009e-17
gene-BTH_RS26090	365.161786933768	-1.44611739665848	0.165576901665608	-8.73381119051857	2.462320114284e-18	1.98241437252009e-17
gene-BTH_RS04650	377.599479586259	1.16248194037749	0.133247189811077	8.72425108571295	2.67947981828054e-18	2.1533274176e-17
gene-BTH_RS11180	127.322422426854	-2.00504416887614	0.230265202079377	-8.70754308844701	3.10532191152308e-18	2.48201136508717e-17
gene-BTH_RS08015	340.382679023345	1.21196205083367	0.139241718915976	8.70401529275153	3.20343852192088e-18	2.55581196153254e-17
gene-BTH_RS34995	403.023819824157	-1.21751662315026	0.139885710941472	-8.70365253860468	3.21369950200231e-18	2.55937870249553e-17
gene-BTH_RS11870	147.928930259782	1.79612413020222	0.20710200254178	8.67265457677011	4.22161116273967e-18	3.3560290178614e-17
gene-BTH_RS16320	128.396015777983	-1.85551976557019	0.21408889617511	-8.66705279311871	4.43449377309815e-18	3.51262768406699e-17
gene-BTH_RS26105	172.694322531768	-1.72152735651392	0.199054012645325	-8.64854384815312	5.21607103707265e-18	4.12433523861558e-17
gene-BTH_RS01725	102.615305561744	-2.26471030344383	0.262068413909345	-8.64167592599407	5.53943689416587e-18	4.37219840575235e-17
gene-BTH_RS13930	587.67203999227	1.19746306319124	0.138746865952519	8.63055936413749	6.10526551275504e-18	4.81020919186761e-17
MSTRG.292.1	116.636982961751	-1.92989391925221	0.223702957629078	-8.62703801374039	6.29612536817548e-18	4.95175696215936e-17
gene-BTH_RS13590	70.855562636959	-2.43024164901942	0.282019514751751	-8.6172818613586	6.85622141236879e-18	5.38268181930196e-17
gene-BTH_RS06270	2845.76278528175	1.30384563321299	0.151719864047862	8.59377011306625	8.41613215566513e-18	6.59562129929785e-17
gene-BTH_RS02325	578.845227884819	1.10159293995164	0.128521202280897	8.57129345509852	1.02329117149733e-17	8.00521589029772e-17
gene-BTH_RS16835	648.028264454785	1.29000316246953	0.150572046808818	8.56734825493508	1.05895268078701e-17	8.26955980402573e-17
MSTRG.3902.18	997.780465411011	1.08692639034887	0.126967954857626	8.56063556798788	1.12246993742432e-17	8.75011838344887e-17
gene-BTH_RS09165	132.247464034916	-1.80010538216139	0.210294026735624	-8.5599453779276	1.12921008555503e-17	8.78716298970636e-17
gene-BTH_RS16985	297.069236009377	-1.31086788247635	0.15327607239859	-8.55233215441142	1.20626058047067e-17	9.35381011522867e-17
gene-BTH_RS08260	154.016552218141	-1.75547784137163	0.205312921367205	-8.55025504328552	1.22816821387758e-17	9.50701139288773e-17
gene-BTH_RS01980	131.837900964392	-1.83002690940792	0.214420511550698	-8.53475675518676	1.40450601918903e-17	1.08340603923482e-16
gene-BTH_RS28895	149.650736860847	-1.74832405961139	0.205339098611859	-8.51432616306622	1.67561779382813e-17	1.29028408514292e-16
gene-BTH_RS24365	4697.93553790883	2.61155635020128	0.307616595606598	8.48964713705216	2.07265450218125e-17	1.59047446174325e-16
gene-BTH_RS00795	51.1187245887123	-3.01789791338139	0.356144486811725	-8.47380213687484	2.37510717273825e-17	1.81940618778216e-16
gene-BTH_RS01775	122.166295878248	-1.87185751228276	0.221458665061262	-8.45240131726138	2.85371731287769e-17	2.17472940050334e-16
gene-BTH_RS23725	295.470406686798	1.28552319070828	0.152152875399561	8.44889186177015	2.94080699066251e-17	2.23724043007372e-16
gene-BTH_RS35335	64.6716558733316	-2.82083513147249	0.334040771326658	-8.44458333714601	3.05131821940562e-17	2.31732414600908e-16
gene-BTH_RS01255	136.074469920786	-1.82831348839914	0.216973099582783	-8.42645236628318	3.56302760285466e-17	2.7013005153718e-16
MSTRG.2958.1	228.573385139729	1.60559332151697	0.190791139040942	8.41545015972901	3.91388981181842e-17	2.9571611911517e-16
gene-BTH_RS09575	88.5156925685459	-2.15604048859335	0.256314056406899	-8.41171381241235	4.04062799198904e-17	3.04770916801904e-16
gene-BTH_RS11010	129.791455614882	-1.73037353137296	0.20585471840578	-8.40579970560621	4.2495586003859e-17	3.19983799211341e-16
gene-BTH_RS01785	127.2849217309	-2.00585966338952	0.238831734049912	-8.39863124290814	4.51712908501035e-17	3.39552900607921e-16
gene-BTH_RS26885	894.740482457903	1.17402888714288	0.14003570070243	8.3837827157922	5.12533663906573e-17	3.83965897367297e-16
gene-BTH_RS19355	537.424566678988	1.0531838295499	0.125675048354712	8.38021423773267	5.28314508562388e-17	3.94978996520826e-16
gene-BTH_RS00815	92.9902994475244	-2.45546777842869	0.293454656974287	-8.36745207503673	5.8877457309778e-17	4.38111719375789e-16
gene-BTH_RS04745	177.492783581481	1.55667799153473	0.186148599791002	8.36255547064274	6.13741123995842e-17	4.55921977825483e-16
gene-BTH_RS35630	122.445442192046	-1.77561691851439	0.212459139824651	-8.35745131972137	6.40877378703479e-17	4.75281545951238e-16
gene-BTH_RS16325	72.6488629261588	-2.32698357081938	0.278954174242566	-8.34181304917825	7.31600530149836e-17	5.40748217936835e-16
gene-BTH_RS23155	545.214625918474	1.16095589358121	0.139195499101352	8.34047006603198	7.39957930491259e-17	5.46012362733116e-16
gene-BTH_RS33595	125.875138722658	-1.86574372218015	0.223831114158492	-8.33549763264388	7.71729210141451e-17	5.68507184804203e-16
gene-BTH_RS12175	715.37355833467	-1.00074397685914	0.120200552145683	-8.32561880120349	8.38893544845132e-17	6.16956650285438e-16
gene-BTH_RS28435	243.171857823974	-1.3512582180465	0.162399068324103	-8.32060326448282	8.75167264476769e-17	6.42564669266996e-16
gene-BTH_RS16210	470.45933379843	-1.13734691080653	0.136701383695954	-8.31993707785847	8.80100219009795e-17	6.45114920070198e-16
gene-BTH_RS07420	178.518068535697	1.46771718716157	0.176778261542139	8.30258864612553	1.01867091253385e-16	7.42990995610501e-16
gene-BTH_RS01510	106.625354282027	-2.4804097177733	0.298794687950377	-8.30138492350051	1.02904696901882e-16	7.49322504623256e-16
gene-BTH_RS00345	486.656778292263	1.36276010778093	0.164175045534663	8.30065314337442	1.03540575813931e-16	7.52712738647329e-16
gene-BTH_RS14745	290.487330155869	1.35760917822554	0.163622818573406	8.29718733647461	1.0660520296348e-16	7.73030314266512e-16
gene-BTH_RS15265	649.869381489548	1.0680283088207	0.12872311276969	8.29709821212614	1.06685179118229e-16	7.73030314266512e-16
gene-BTH_RS10815	120.111722688847	1.74335765535086	0.210406517809673	8.28566374035926	1.17452196012741e-16	8.48265860092016e-16
gene-BTH_RS34580	208.247969205827	-1.43334064070866	0.173015900070965	-8.28444460954604	1.18661525480253e-16	8.55601863984857e-16
gene-BTH_RS02140	296.419719180531	1.17494749047543	0.142144504622831	8.26586644058492	1.38683751369334e-16	9.98342314417684e-16
gene-BTH_RS00335	260.972012983695	-1.35926784874077	0.164601013472448	-8.25795552570093	1.48188745050646e-16	1.06503130589245e-15
gene-BTH_RS35765	79.9185516745289	-2.30149704603176	0.278985642829629	-8.24951787012651	1.59034827033509e-16	1.14112651864953e-15
gene-BTH_RS12210	18696.2037023239	1.18638501637195	0.144177769523218	8.22862650944882	1.89372231866887e-16	1.35660496734464e-15
gene-BTH_RS34445	199.574667293988	-1.44146237881916	0.175355913188916	-8.22020970154701	2.03147651303272e-16	1.45293304006547e-15
gene-BTH_RS23235	381.814681966836	1.2178828158925	0.148239112506564	8.21566451187818	2.10992574737535e-16	1.50660287615493e-15
gene-BTH_RS14250	95.9893069312404	-2.09510535074727	0.255025024053835	-8.21529321885292	2.1164645909144e-16	1.50883443416801e-15
gene-BTH_RS18605	381.687599216635	1.2389778023841	0.150912156378832	8.20992710006685	2.21322829149523e-16	1.57527681938952e-15
gene-BTH_RS02040	160.451920678753	-1.81443803873251	0.221423986032934	-8.19440599566586	2.51833693608025e-16	1.78955775843645e-15
gene-BTH_RS02930	100.639512931011	-1.96866348985098	0.2403794221322	-8.18981705001474	2.61623559324368e-16	1.85614146422746e-15
gene-BTH_RS08845	130.283779663336	-1.70386899856767	0.208380003498747	-8.17673946616436	2.91627632628214e-16	2.06239061794673e-15
gene-BTH_RS26145	974.427157939656	1.07043668043749	0.130918847216866	8.17633750367754	2.92601673685305e-16	2.0659734787365e-15
gene-BTH_RS06330	1502.31358406495	1.14128097630628	0.140320637096107	8.13337937971732	4.17485476404658e-16	2.93368172608678e-15
gene-BTH_RS02840	118.065436931384	-2.15033083228407	0.264606888613376	-8.12651115604918	4.41822857038414e-16	3.09486058337526e-15
gene-BTH_RS12655	48.0707358842773	-3.03074631073636	0.372938941249238	-8.12665553397087	4.41297151635727e-16	3.09486058337526e-15
gene-BTH_RS06745	133.057717555353	1.83681669027174	0.226100824352779	8.1238832079878	4.51500249248323e-16	3.15764414822403e-15
gene-BTH_RS28270	232.977951573663	-1.3421814819549	0.165352077587185	-8.11711289957764	4.7740461177127e-16	3.3335361517046e-15
gene-BTH_RS17175	312.259391879411	1.14268066642613	0.140835189200478	8.11360195497397	4.91409275357177e-16	3.42591324460366e-15
gene-BTH_RS10410	491.385321498164	-1.17670468032545	0.145064431582452	-8.11160025575693	4.99574170989094e-16	3.47735092247527e-15
gene-BTH_RS19265	2086.76796024017	1.06957713970602	0.131985582185109	8.10374225728645	5.32939486805328e-16	3.70376184226344e-15
gene-BTH_RS13725	290.002876968504	1.21377023415628	0.149917307056431	8.0962649208967	5.66723344743686e-16	3.93236606556843e-15
gene-BTH_RS06825	159.266870206951	-2.04202488139775	0.252997437178501	-8.07132635085553	6.95385702758491e-16	4.8175623921513e-15
gene-BTH_RS16890	116.353310758189	-1.93660862751644	0.240313540294646	-8.05867461792615	7.71260906194754e-16	5.33485634644884e-15
gene-BTH_RS10355	623.766140229487	-1.13457646217077	0.140821913222937	-8.05681755207091	7.83063932771544e-16	5.40803528570348e-15
gene-BTH_RS31180	7837.29332170226	1.03749074864208	0.128888824488461	8.04950120974194	8.31321370636945e-16	5.73235640907222e-15
gene-BTH_RS16610	185.625747463605	1.44583613590399	0.179661312739536	8.04756524294182	8.44573500641052e-16	5.81466491095553e-15
gene-BTH_RS23545	1264.11452219994	1.08142348196915	0.134405867994346	8.04595437763655	8.55758703192998e-16	5.88250928166882e-15
gene-BTH_RS03610	155.17038635732	-1.70441155768468	0.211965635171278	-8.04098058776105	8.91223771696721e-16	6.11678427158308e-15
gene-BTH_RS35085	81.1115363240857	-2.1044840634524	0.262005015938124	-8.03222814615657	9.57181616449775e-16	6.55929107706668e-15
gene-BTH_RS05025	97.16694626724	-2.13617039423142	0.266523546880372	-8.01494059055964	1.10190264858954e-15	7.5393339114021e-15
gene-BTH_RS16845	83.2212596914865	-2.01022506956205	0.250922590528203	-8.01133554906489	1.13469389786299e-15	7.75169556190793e-15
gene-BTH_RS10825	648.086986369939	1.00818386166107	0.125875325796449	8.00938432756384	1.15284111964634e-15	7.8635150445013e-15
gene-BTH_RS29650	206.950899934905	-1.41507029313641	0.176726107108655	-8.00713780373378	1.174089054927e-15	7.99610727700667e-15
gene-BTH_RS03260	807.714987753157	-1.08292537712933	0.135272192567503	-8.00552838373587	1.18954789345817e-15	8.08892567551556e-15
gene-BTH_RS05855	261.086203664745	1.25388952727861	0.15670261838192	8.00171394853527	1.22699165038538e-15	8.33072671997444e-15
gene-BTH_RS02545	42.6278142171654	-3.16217880315148	0.395433667654908	-7.99673639805271	1.27760352769008e-15	8.66105458955542e-15
gene-BTH_RS20425	283.828381099309	-1.23858612580853	0.155171932706382	-7.98202422439498	1.43952767984121e-15	9.74381676094665e-15
gene-BTH_RS26995	799.76576847301	-1.01955383436925	0.127918477663233	-7.97034058717776	1.5823766088514e-15	1.06943495582924e-14
gene-BTH_RS11175	91.6197797787465	-2.07779855755955	0.261067781562043	-7.9588471052517	1.73649655742105e-15	1.17180378378642e-14
MSTRG.313.1	82.6512880557834	-2.1038518775384	0.264518279374509	-7.95352170940039	1.81282995411537e-15	1.22144945079115e-14
rna-BTH_RS29225	13417.1541101372	1.31848749033051	0.165841444677415	7.95028946410323	1.86076217444193e-15	1.24808571868039e-14
gene-BTH_RS26915	194.46521527535	-1.40660891514647	0.1769256029961	-7.95028470343821	1.86083368463887e-15	1.24808571868039e-14
gene-BTH_RS02815	102.81520286879	-1.94649098910225	0.244843861602942	-7.94992766557011	1.86620448945801e-15	1.24979149142491e-14
gene-BTH_RS05040	95.2771706774937	-2.12608106518044	0.267742942720065	-7.94075482842265	2.00954539006626e-15	1.3437504726313e-14
gene-BTH_RS00375	281.488732331603	-1.19578522829621	0.150679719447086	-7.93594010318115	2.08906818272505e-15	1.3927121218167e-14
gene-BTH_RS08785	101.042074936246	1.80108737681685	0.227153314063067	7.92895047226468	2.21005658885217e-15	1.46893986807919e-14
gene-BTH_RS34685	1647.86684329477	1.13244497510367	0.142831217729079	7.92855366711001	2.21712842986466e-15	1.47142757657685e-14
MSTRG.165.1	104.140831962701	-1.91664814528749	0.241889976123959	-7.92363609273865	2.30664043096535e-15	1.52853833656174e-14
gene-BTH_RS01870	372.084228277796	-1.18580742738178	0.149843852907652	-7.9136207750383	2.5000907001811e-15	1.65425163095815e-14
gene-BTH_RS07625	109.060684167969	-1.89468483276049	0.239771974559411	-7.90202790064198	2.74401973582195e-15	1.81293979556547e-14
gene-BTH_RS09060	138.676171415272	1.78608498105141	0.226063021053537	7.90082771046587	2.77057393962593e-15	1.82775176315621e-14
gene-BTH_RS09720	247.968453837548	-1.53743195455168	0.194621449344682	-7.89960181536222	2.79795806588084e-15	1.84055490387377e-14
gene-BTH_RS10395	853.470599119732	-1.04086134912274	0.131845825436505	-7.89453398070611	2.91401996382578e-15	1.91097451633679e-14
gene-BTH_RS07615	97.5471960619495	-1.84582468533561	0.233981723149304	-7.88875584165944	3.05213987788884e-15	1.99858640892869e-14
gene-BTH_RS33150	74.7350830730443	-2.16706332816458	0.274882822991507	-7.88358946761667	3.18108212696608e-15	2.07993831378552e-14
gene-BTH_RS00790	114.060850133346	-1.96159082746474	0.248885148616876	-7.88151015987032	3.2344780981127e-15	2.11172720733502e-14
gene-BTH_RS02510	119.837236769782	-2.06999455996156	0.262849215419736	-7.87521681073329	3.4015248290236e-15	2.21424738501978e-14
gene-BTH_RS26100	433.505475802253	-1.15288684090182	0.146519969945141	-7.86846217163076	3.59027079094904e-15	2.33024917709174e-14
gene-BTH_RS04430	149.805660558467	-1.66067241827995	0.211231256014124	-7.86186878597602	3.78444354531143e-15	2.44908352419861e-14
gene-BTH_RS25540	564.460440320015	1.00402031976362	0.127797884017008	7.85631411260296	3.95602250710951e-15	2.54892412265656e-14
gene-BTH_RS01805	544.032228082534	-1.04987270177261	0.134103092976459	-7.828847780244	4.92361321887088e-15	3.16773950908432e-14
gene-BTH_RS01995	57.672900228779	-2.50967814418008	0.321060563949848	-7.81683715154785	5.41671060586241e-15	3.4698349098423e-14
gene-BTH_RS06705	159.29571070073	1.75541552163173	0.224909716686734	7.80497858203593	5.95116508392047e-15	3.80117769811105e-14
gene-BTH_RS03345	188.968404994258	-1.63211943156937	0.209258961680092	-7.79951987941382	6.21431502737108e-15	3.96353137387881e-14
gene-BTH_RS00995	258.482123591293	-1.23341780611695	0.158433940455649	-7.78506046475706	6.96798751042181e-15	4.43143953900207e-14
gene-BTH_RS11975	268.525671646366	1.22250197241968	0.157351861625749	7.76922471579853	7.89679643047092e-15	5.01491957222435e-14
rna-BTH_RS08245	46.1815282362982	-2.70510746446898	0.348843320385584	-7.75450555131446	8.86883451713162e-15	5.61608145640713e-14
gene-BTH_RS15465	226.650647630366	-1.32761668348067	0.171244497296806	-7.75275529688759	8.99197937585698e-15	5.68591542793818e-14
gene-BTH_RS16920	44.7685651413454	-2.87149191658588	0.370458757546372	-7.75117839190627	9.10436772085587e-15	5.74875790374042e-14
gene-BTH_RS14550	202.336618608342	-1.34556567328038	0.173650438507785	-7.74870299691213	9.28358693472059e-15	5.85355980762696e-14
gene-BTH_RS11755	316.002295128227	-1.11403849095134	0.143997154737186	-7.73653127372276	1.02165861269876e-14	6.41439072177347e-14
gene-BTH_RS10425	246.249615114636	-1.21280475293562	0.156906013593023	-7.72949822102641	1.07971318325655e-14	6.75011636491368e-14
gene-BTH_RS35440	60.2426800615694	-2.34690264751495	0.303894721668942	-7.72274896591203	1.13847255160124e-14	7.10741338711511e-14
gene-BTH_RS26535	1141.2563280988	1.34631986327408	0.174788393270121	7.70257016547693	1.33356348447433e-14	8.30190225545991e-14
gene-BTH_RS07555	117.958832317541	-1.78743437704024	0.232169577103141	-7.69883117048609	1.37316452432587e-14	8.53640956050684e-14
gene-BTH_RS26655	79.4402496178724	-2.0571499263582	0.267274684687836	-7.69676308386948	1.39556302148141e-14	8.66346707155594e-14
gene-BTH_RS06125	157.291131108466	1.53234038719271	0.19974940485336	7.6713139061297	1.70243339563809e-14	1.05536544301828e-13
gene-BTH_RS09915	345.440946555392	-1.10315400527251	0.144012006405168	-7.66015301647042	1.85711682813673e-14	1.14803585739361e-13
gene-BTH_RS24140	79.6244171597127	-2.13154159234443	0.278296467765092	-7.659247742029	1.8702531340098e-14	1.1545417391513e-13
gene-BTH_RS01925	52.8222005935173	-2.48493134036995	0.324993602865109	-7.6460930875656	2.07177711037758e-14	1.27538368076169e-13
gene-BTH_RS35115	107.335123181358	-1.8731357128374	0.244990107415478	-7.645760608859	2.07713795782563e-14	1.27690539271061e-13
gene-BTH_RS09155	76.3565435566951	-2.00341785761482	0.2620881252082	-7.6440619201016	2.10474109326835e-14	1.29207717114529e-13
rna-BTH_RS19925	47.6875892720576	-2.78930880570313	0.365487931511786	-7.63173983383138	2.31606478490005e-14	1.41590682562354e-13
gene-BTH_RS16215	721.234488444244	-1.18196154964317	0.154891116784039	-7.6309188944073	2.33086292744778e-14	1.422985378359e-13
gene-BTH_RS07710	305.914231219324	-1.14861641953009	0.150851940430556	-7.61419718070414	2.65335473143977e-14	1.6131812810129e-13
gene-BTH_RS04240	133.476373724938	-1.65494133301077	0.217593798958632	-7.60564566146208	2.83485012799468e-14	1.72115900628248e-13
gene-BTH_RS05475	104.114120469906	-1.67536691356901	0.220349573831634	-7.60322284466563	2.88845470854972e-14	1.75129901396293e-13
gene-BTH_RS19515	152.200820153563	-1.52492691304755	0.200766756923222	-7.59551499669199	3.06570724208187e-14	1.85368344870067e-13
gene-BTH_RS34585	318.00263483053	-1.1655209761209	0.153600447838992	-7.58800506455968	3.24868219651701e-14	1.95895979653549e-13
gene-BTH_RS01800	78.2130137337346	-2.41436053327636	0.318793197450022	-7.57343805510423	3.63474065928159e-14	2.18876753597066e-13
gene-BTH_RS01415	120.426541960661	-1.78619040623357	0.236049936655895	-7.56700226883521	3.81935232115814e-14	2.29680779041074e-13
gene-BTH_RS23770	197.8486044665	-1.40643440331389	0.186162142492817	-7.55488943391464	4.19215819623248e-14	2.51415729000646e-13
gene-BTH_RS16950	53.4924164422517	-2.70122101606545	0.358050640513067	-7.54424293779993	4.54922412188281e-14	2.72460306486748e-13
gene-BTH_RS32620	145.559124583409	-1.56242731198149	0.207161729864989	-7.54206538533811	4.62585692030295e-14	2.76675068846266e-13
gene-BTH_RS09840	89.9491664990163	-2.18786030913362	0.2902397743222	-7.53811332110821	4.76819436393722e-14	2.84802960656791e-13
gene-BTH_RS02145	210.362450813173	1.38186614161834	0.183966405280969	7.51151352611276	5.84476309348549e-14	3.48165133062073e-13
gene-BTH_RS32540	221.056002668081	-1.67626529275041	0.223324257138472	-7.50597053015626	6.09751352510902e-14	3.62732298532731e-13
gene-BTH_RS04160	171.019195842714	-1.40787339557316	0.187664451506156	-7.50207822671721	6.28138647947991e-14	3.72667493144983e-13
gene-BTH_RS03210	1351.72655925496	1.04983993769679	0.139997502937971	7.49899045100784	6.43112120224964e-14	3.81039620830341e-13
gene-BTH_RS28140	472.559826961497	-1.41380793678353	0.18854058014035	-7.49869304385874	6.44572721344555e-14	3.81393765507755e-13
gene-BTH_RS10405	471.30872116813	-1.25347220488802	0.167276233287246	-7.49342677232316	6.70982759816025e-14	3.9648981261856e-13
gene-BTH_RS28590	149.746548011487	-1.5442554034963	0.206160228281393	-7.49055924301997	6.85807611197956e-14	4.04708897395856e-13
gene-BTH_RS22660	267.380657369225	1.26449484253229	0.169172805527889	7.47457511617515	7.74536943284557e-14	4.55852635062283e-13
gene-BTH_RS12590	77.7470155665557	-1.93671145317408	0.259688671592826	-7.45782032498788	8.79655113999801e-14	5.16344701710374e-13
gene-BTH_RS05620	86.9971436749325	-1.86004627519775	0.249678797892486	-7.44975661088653	9.35125853376704e-14	5.4817722439324e-13
gene-BTH_RS04890	156.406694890163	-1.5081498262818	0.202473953675284	-7.44861153203187	9.43276682633485e-14	5.52222905594703e-13
gene-BTH_RS00285	291.371254943636	-1.20036263248688	0.161222330586045	-7.44538692700663	9.66606917611153e-14	5.65132615852023e-13
gene-BTH_RS16970	90.0252653904951	-1.96333485880125	0.263791154547274	-7.44276229493286	9.86014188650466e-14	5.75717663650603e-13
gene-BTH_RS07690	47.2371149509334	-2.55335377819052	0.343307529245366	-7.43751173708049	1.02599470374551e-13	5.9827131801519e-13
gene-BTH_RS14515	42.7841307496927	-2.84729002427726	0.38332479604318	-7.42787853451705	1.10353221467426e-13	6.41791103797401e-13
gene-BTH_RS01475	159.850726984159	-1.65588086292388	0.222978087390829	-7.4262044414324	1.1175821827766e-13	6.49108179746724e-13
gene-BTH_RS01635	134.663508583696	-1.52107539798571	0.205051139576399	-7.41802947853884	1.18875646562513e-13	6.8954115197678e-13
gene-BTH_RS00865	130.252823529854	-1.69495083209891	0.228867521852637	-7.40581633592489	1.30346129104235e-13	7.53110968157802e-13
gene-BTH_RS09500	92.1748303237345	-1.785622743158	0.241406990759919	-7.39673170829513	1.39577151648209e-13	8.05392963818649e-13
gene-BTH_RS02820	79.5294154662424	-2.0574389128519	0.278310099672881	-7.39261318676599	1.43970851426731e-13	8.28582243888218e-13
gene-BTH_RS09800	107.535772384299	-1.86892273821938	0.252808837258259	-7.39263215039497	1.43950312587618e-13	8.28582243888218e-13
gene-BTH_RS05065	142.859001479508	-1.59458154386606	0.215870426112142	-7.38675312123439	1.5045758235143e-13	8.64788704802755e-13
gene-BTH_RS07540	107.365508867123	-1.67714253322145	0.2270624203253	-7.38626202794236	1.51014054621692e-13	8.66859897958285e-13
gene-BTH_RS25470	193.674490665622	1.28437604251895	0.174131934553453	7.37587878876225	1.63264504902262e-13	9.34752735321239e-13
gene-BTH_RS01645	84.8698195221993	-1.79366797691467	0.243636528278505	-7.36206507943793	1.81086642306538e-13	1.03545014100246e-12
gene-BTH_RS13605	88.7159723796999	-1.83581497751824	0.249640358320085	-7.35383889797334	1.92593840678622e-13	1.09840616232195e-12
gene-BTH_RS27715	246.591361468907	-1.13803347615523	0.155191351667044	-7.33309855175975	2.24891431056955e-13	1.27602069996372e-12
gene-BTH_RS18320	220.231336709575	-1.37172037066352	0.187259283586209	-7.3252462809515	2.38460377116342e-13	1.35127547032594e-12
gene-BTH_RS28875	40.1362993537376	-2.80891079106175	0.383661005389005	-7.321335115133	2.45515863169431e-13	1.38947517952482e-12
rna-BTH_RS03720	150.87912521358	-1.63252468438166	0.223079185173474	-7.31813989329464	2.51431682958964e-13	1.42113559933328e-12
gene-BTH_RS09690	84.4965892751541	-1.81096178113009	0.247506563150199	-7.31682327159586	2.53909887544884e-13	1.43330996545133e-12
gene-BTH_RS03865	68.1159111399715	-2.12008831081945	0.290258956461288	-7.30412710314491	2.79072480388057e-13	1.56933888462495e-12
gene-BTH_RS05240	144.169536597543	-1.4661330180264	0.201007296794014	-7.29392933197267	3.01043383496396e-13	1.68859359778435e-12
gene-BTH_RS10250	489.181518788144	-1.07379065438669	0.147251493268462	-7.29222251368958	3.04883062899341e-13	1.7079634195375e-12
gene-BTH_RS17100	56.9483028298113	-2.21283332871645	0.303526454508015	-7.29041339181858	3.09005397717196e-13	1.72886564292406e-12
gene-BTH_RS14045	285.158731314296	1.0667135578896	0.146328931350146	7.28983358278682	3.10338120131802e-13	1.73412704296152e-12
gene-BTH_RS23135	238.468053887814	1.11966232860717	0.153816035472736	7.2792301866708	3.3573041059036e-13	1.87128425574955e-12
gene-BTH_RS04545	52.5237654466264	-2.28017214356952	0.314313209529623	-7.25445852874542	4.03271807310653e-13	2.24491358729608e-12
gene-BTH_RS24360	845.663907505107	1.40528482563347	0.193803426203684	7.25108349816554	4.13450686979536e-13	2.29868180685478e-12
gene-BTH_RS16895	85.8686394501794	-1.9707361886568	0.272094289386491	-7.24284288766351	4.39375802260948e-13	2.43363539598169e-12
gene-BTH_RS15340	186.061279227181	-1.48512375350057	0.205254158532216	-7.235535514217	4.63695773865796e-13	2.55529886350687e-12
gene-BTH_RS11860	88.2420172591788	2.03334862635951	0.281215704543217	7.23056569569011	4.80986241975162e-13	2.6442278476744e-12
gene-BTH_RS28920	214.128793299335	1.21783165351367	0.16873574833115	7.21738970881045	5.29949445469067e-13	2.9025731709706e-12
gene-BTH_RS15945	93.0010470416084	-1.68613768948208	0.233862406460379	-7.20995612335729	5.59699087691653e-13	3.05793568306193e-12
gene-BTH_RS16620	345.2113386684	1.04216576920558	0.144591167699765	7.20767240340415	5.69163559407538e-13	3.10197648900286e-12
gene-BTH_RS08770	150.180684961659	1.43680365459219	0.199610246083141	7.19804560530293	6.10817167379707e-13	3.31733203879696e-12
gene-BTH_RS34780	268.232983179822	-1.15652683164394	0.160671782956064	-7.19807056575823	6.10705390756085e-13	3.31733203879696e-12
gene-BTH_RS22825	354.760991882367	1.03069496352647	0.143191445358961	7.19802053078425	6.10929475018264e-13	3.31733203879696e-12
gene-BTH_RS07685	35.6308925253901	-3.03485134225058	0.421815067837062	-7.19474379569312	6.25781584270049e-13	3.39380932818849e-12
gene-BTH_RS04420	63.9696208821319	-2.09572167740082	0.291434306121202	-7.19106032949068	6.42900646919246e-13	3.47811610695602e-12
rna-BTH_RS25430	960.504747678783	1.29973734844413	0.181140160263419	7.17531300929634	7.21419388645177e-13	3.88862646074595e-12
gene-BTH_RS01220	57.3634908150939	-2.25530404525823	0.314480234852508	-7.1715287490674	7.41648581171667e-13	3.98309444566071e-12
gene-BTH_RS09175	162.886051266458	-1.32040244986255	0.184135423407097	-7.17082256868809	7.45484718922834e-13	3.99883793402782e-12
gene-BTH_RS03815	70.4845259647036	-2.35899441347778	0.329067573616739	-7.168723394865	7.57003289464637e-13	4.05570247204084e-12
gene-BTH_RS20395	190.695786424297	-1.22509697297515	0.171489214089992	-7.14387187250307	9.07379860946826e-13	4.83559687758738e-12
gene-BTH_RS03810	90.9649549709643	-1.84294594006641	0.258289478270858	-7.13519556585956	9.66496449738873e-13	5.1406911045076e-12
gene-BTH_RS01895	88.5377298186673	-1.73979624560313	0.244577766276501	-7.11346853841266	1.13162291109892e-12	6.0045297323616e-12
gene-BTH_RS29150	297.415290047836	1.06122512724127	0.149349460418555	7.10565089600699	1.1975677928012e-12	6.3468221153253e-12
gene-BTH_RS16115	120.754494390781	-1.46303861134698	0.206374027966206	-7.08925743110738	1.34833508576721e-12	7.12875727164005e-12
gene-BTH_RS06120	357.980515001995	1.0176769756659	0.143557496151737	7.08898527033543	1.3509890297758e-12	7.13425509152813e-12
gene-BTH_RS33685	68.9246113650214	-2.11455356248886	0.298348100169152	-7.08753821891269	1.36518608783251e-12	7.20062351816191e-12
gene-BTH_RS03745	168.674136275793	-1.3120268723521	0.185197916565981	-7.08445805806168	1.39589479475522e-12	7.34672959831923e-12
gene-BTH_RS20630	397.451490650741	-1.08637436884616	0.1537720000545	-7.06483864722531	1.60802729608662e-12	8.441188418887e-12
gene-BTH_RS14040	227.201100450005	1.09582830195951	0.155162813992874	7.06244153325191	1.63602160706843e-12	8.57795433362093e-12
gene-BTH_RS24225	147.376701694498	-1.41904383068772	0.200974468949572	-7.06081642163108	1.65527158157234e-12	8.66860235847127e-12
gene-BTH_RS03790	84.2817916741997	-2.15731319780037	0.305886488763691	-7.05265932640449	1.75530241411469e-12	9.18158185844608e-12
gene-BTH_RS25645	414.209405662914	1.05906446842623	0.150378205924967	7.04267258617692	1.88587020036445e-12	9.84125889682511e-12
gene-BTH_RS27185	111.29972074662	-1.72254214729584	0.24460381515498	-7.04217203727767	1.89265934037358e-12	9.86504042977741e-12
gene-BTH_RS32545	413.754304672324	-1.30616287858756	0.185645642735394	-7.03578526994714	1.98141882358394e-12	1.03155137812026e-11
gene-BTH_RS30100	58.6307302796465	-2.07176855850291	0.29529982164138	-7.01581378203107	2.2861437578786e-12	1.18739781549041e-11
gene-BTH_RS08630	235.848607321718	1.10239553241723	0.157136927567094	7.01550901806027	2.2911328793761e-12	1.1885924092538e-11
gene-BTH_RS24060	72.4804420391081	2.04326013861393	0.292313152983297	6.98996989277004	2.74945239677002e-12	1.42135433844719e-11
gene-BTH_RS03020	510.978434044016	1.08023036793359	0.154688094178073	6.98328060522912	2.88365627100274e-12	1.4889907380645e-11
MSTRG.212.1	206.949612316745	-1.2086877017506	0.173328010076481	-6.97341244047782	3.09343998897826e-12	1.59544979594911e-11
gene-BTH_RS16885	53.2835456614121	-2.26473746774844	0.32481470307027	-6.97239825149938	3.1158300370859e-12	1.6051245645594e-11
gene-BTH_RS03400	958.272115982871	1.08933678409635	0.156477988839612	6.96159755231076	3.364354631006e-12	1.73113474610553e-11
gene-BTH_RS03005	220.592127875077	-1.3192145898693	0.189563686181232	-6.95921574667029	3.42172164608551e-12	1.75860577624395e-11
gene-BTH_RS08830	88.9099013120103	-2.10670480240886	0.302772760213347	-6.95803942509352	3.45040668858594e-12	1.77128891562716e-11
gene-BTH_RS28955	105.71055473418	-1.69006442609984	0.243076717469123	-6.9528025707132	3.5809969023262e-12	1.83619562741088e-11
gene-BTH_RS13740	366.817881711391	-1.09324595327704	0.157255102731489	-6.95205391931699	3.60005743391769e-12	1.8438301109984e-11
gene-BTH_RS08305	223.301292966672	1.4022664188295	0.201784049033936	6.94934225744311	3.66993215818342e-12	1.87744214573735e-11
gene-BTH_RS00820	50.5246155070214	-2.47363637932565	0.356011971672613	-6.94818314031416	3.7002046520583e-12	1.8907404118032e-11
gene-BTH_RS17390	294.900310724762	1.11604837711647	0.160669328702262	6.94624410353157	3.75139443495349e-12	1.9146839956691e-11
gene-BTH_RS10510	93.7436436449001	-1.93348328381864	0.279076939918249	-6.9281370377109	4.26418585560092e-12	2.17139417992581e-11
gene-BTH_RS05610	99.1931862800118	-1.67088951132175	0.241652385244115	-6.91443417632248	4.69734454150148e-12	2.38372708076194e-11
gene-BTH_RS01860	49.5709265147197	-2.25308489009683	0.326104672136785	-6.9090849736485	4.87789726510334e-12	2.46967994407294e-11
gene-BTH_RS28970	154.074958959629	-1.45965676885728	0.21130158297621	-6.90793106373282	4.91772832215467e-12	2.4869976182979e-11
gene-BTH_RS02780	168.38764961265	-1.41853344594748	0.205514963820158	-6.90233654805213	5.11540662491912e-12	2.58401111795914e-11
gene-BTH_RS26870	2002.09007444898	2.09262584283165	0.30322623738138	6.90120307828002	5.15639557440284e-12	2.60174297247266e-11
gene-BTH_RS24120	71.9769074535474	-1.9421362652916	0.281749479116894	-6.89313169763071	5.45773031382481e-12	2.75064629271444e-11
gene-BTH_RS34940	41.9280645763356	-2.58270067817229	0.375259191510989	-6.88244481840137	5.88339587074742e-12	2.95506928962541e-11
gene-BTH_RS18425	139.476684120506	-1.62413064623785	0.236814229055165	-6.85824771897265	6.97103038330692e-12	3.49738414236284e-11
gene-BTH_RS05425	105.933983632555	-1.59702757885396	0.233006616182422	-6.85400099370413	7.18125822445042e-12	3.5987711283527e-11
gene-BTH_RS26120	405.966161410806	-1.04660727601013	0.152765255955021	-6.85108187373632	7.32935504015034e-12	3.6688277777423e-11
gene-BTH_RS11570	158.953192030628	-1.28988051997853	0.188316600342433	-6.84953168033526	7.40921404098995e-12	3.70460702049497e-11
gene-BTH_RS02385	102.219517896449	1.48144820834116	0.216891261473005	6.83037296329961	8.46941506610112e-12	4.20615894294011e-11
gene-BTH_RS07165	128.097497300298	-1.36289897273407	0.1996903209399	-6.82506275877164	8.78868857089807e-12	4.35493312593828e-11
gene-BTH_RS02015	313.727557667137	-1.02024574993425	0.149544988899923	-6.82233324860523	8.95735767829363e-12	4.43354097850592e-11
gene-BTH_RS10105	64.7200447844094	-2.05806791704589	0.30200414963234	-6.81470078987783	9.44601577172943e-12	4.65975331596474e-11
gene-BTH_RS05280	115.932288388164	-1.46592962031719	0.215192235759008	-6.81218639300198	9.61264445875276e-12	4.73666538547238e-11
gene-BTH_RS06820	61.6848586786335	-2.46173723384344	0.361655875291994	-6.80684983164142	9.97589639893188e-12	4.91018508722482e-11
gene-BTH_RS17320	75.4208743509824	-1.86385279680311	0.273875347303061	-6.80547853305186	1.00713896945885e-11	4.95167324250067e-11
gene-BTH_RS08000	186.772858364669	1.36055874195769	0.200116129518435	6.79884597624278	1.05460490694735e-11	5.17928187634144e-11
gene-BTH_RS23040	363.463438884598	1.16747556678903	0.172345154455526	6.77405506686468	1.25221973884516e-11	6.13615437438535e-11
gene-BTH_RS31535	24.4745427177581	-3.63309683025794	0.536538554002222	-6.77136210092909	1.2757552551362e-11	6.23765290675e-11
gene-BTH_RS16315	377.011838615592	-1.15283182735231	0.170642695203596	-6.75582289635576	1.42026822133586e-11	6.92890236015951e-11
gene-BTH_RS07090	40.1243363878169	-2.46276550122783	0.364887178834842	-6.74938897302979	1.48469070184744e-11	7.23520716887064e-11
gene-BTH_RS04415	77.2515626237306	-1.70047879364712	0.25204013423481	-6.74685719720688	1.51081837278848e-11	7.3544242375827e-11
gene-BTH_RS08780	303.243009097166	1.00308882588956	0.148700946738929	6.74567881299817	1.52313223248728e-11	7.40620953530671e-11
gene-BTH_RS16105	405.542214101785	-1.01580067580568	0.150596275821131	-6.7451912091916	1.52825628838017e-11	7.42295911498942e-11
gene-BTH_RS12645	702.961797584093	1.12715769573877	0.167123582371724	6.74445628643657	1.53601124417621e-11	7.45243655242462e-11
gene-BTH_RS26635	80.8628581913116	-1.64683309041062	0.245409868144242	-6.71054144180818	1.93903565490324e-11	9.36670775374024e-11
gene-BTH_RS00275	82.0845623372258	-1.69717764081529	0.253463072252281	-6.69595624220172	2.14265836439604e-11	1.02940760550331e-10
gene-BTH_RS13530	152.095396464927	-1.30244785135087	0.194646938952179	-6.69133487719966	2.21143941830905e-11	1.05899915806349e-10
gene-BTH_RS11425	89.590513199281	-1.87723538114063	0.28069775800599	-6.68774625945023	2.26633642031182e-11	1.08294129489495e-10
MSTRG.1832.1	245.233737387617	-1.26729219820798	0.189766686012044	-6.67815950649813	2.41961614065732e-11	1.1549355660589e-10
gene-BTH_RS02375	209.076034192363	1.40817643576767	0.210951014707671	6.67537170996343	2.4660630906041e-11	1.17456884272307e-10
gene-BTH_RS01300	53.1537876833787	-2.1270799909234	0.31945781547401	-6.65840648715152	2.76812320589799e-11	1.31560264194292e-10
gene-BTH_RS34540	219.740104767988	1.38911935232911	0.209466934628757	6.63168797877852	3.31869543032127e-11	1.57220083622937e-10
gene-BTH_RS09960	53.1335778703404	-2.09148685516302	0.316310788466071	-6.61212621076111	3.78838784085102e-11	1.78705168159675e-10
gene-BTH_RS06110	132.296393530962	-1.56995613347269	0.23848673300496	-6.58299148841979	4.61075549247762e-11	2.16573212292785e-10
gene-BTH_RS09375	147.341244525253	-1.3210065332955	0.200820010155797	-6.57806227711399	4.7661861136921e-11	2.23399179454073e-10
gene-BTH_RS01905	42.3268941580046	-2.41128425911821	0.366598342493456	-6.57745543178841	4.78567234651151e-11	2.24074912834543e-10
gene-BTH_RS16645	469.03044937845	1.07082414821507	0.162927617477585	6.57239186820118	4.95133438239223e-11	2.31586221906599e-10
gene-BTH_RS26135	133.671256913662	-1.44648053442903	0.220184907611078	-6.56939001915614	5.0521794198728e-11	2.36053203338666e-10
gene-BTH_RS07905	177.84700297394	1.1489387682262	0.174920107736733	6.56836302636764	5.08713968190652e-11	2.37435664139671e-10
gene-BTH_RS06275	279.847971968042	1.19333748128237	0.181757109931111	6.56556148881693	5.1837156749963e-11	2.41433332808047e-10
gene-BTH_RS26715	50.4870815900716	-2.11198514321872	0.322755257101462	-6.54361190638885	6.00505111991923e-11	2.78513388772749e-10
gene-BTH_RS35790	310.09457066519	1.19658875184638	0.183151394186046	6.53333138502283	6.43226029689648e-11	2.97391114145214e-10
gene-BTH_RS02495	265.140401327085	-1.20897913172125	0.185331324961771	-6.52333938674766	6.87590363368266e-11	3.17238977670953e-10
gene-BTH_RS08500	73.12488937725	-1.73356657658121	0.265964974929975	-6.51802583042236	7.12387270470622e-11	3.28336990143915e-10
gene-BTH_RS02855	116.050738276287	-1.5011216978749	0.231007049276718	-6.49816402821865	8.13061296196312e-11	3.72793664853496e-10
gene-BTH_RS00960	199.493333929099	-1.0805394005669	0.166389746237035	-6.494026374844	8.35721071553838e-11	3.82786231737613e-10
gene-BTH_RS11640	118.060725476553	-1.57239055308703	0.24306219166433	-6.46908736533777	9.8596581562618e-11	4.49275144852342e-10
gene-BTH_RS03990	207.4309644207	1.20825805063452	0.187075045099993	6.45868106025951	1.05619443449475e-10	4.80285946550081e-10
gene-BTH_RS07390	145.115521699763	-1.26065518013673	0.195306162318889	-6.45476397246689	1.0838769562765e-10	4.9236753820577e-10
gene-BTH_RS25065	223.810685152806	-1.11868969289784	0.173562271946783	-6.44546582820057	1.15245891898136e-10	5.21912748145247e-10
MSTRG.3071.1	63.8155255422132	-1.8205974134829	0.282652814706055	-6.44110838017387	1.18604137701694e-10	5.35475269296721e-10
gene-BTH_RS28070	158.875109596845	-1.26094125982111	0.195812089075122	-6.43954755693023	1.19830165883666e-10	5.40458503271227e-10
gene-BTH_RS34215	39.9656974806487	-2.40073541411496	0.373304394269883	-6.43103979209881	1.26733974831349e-10	5.70431943741919e-10
gene-BTH_RS18395	257.593230453156	-1.02197782489782	0.158958882876586	-6.42919606884296	1.28280574771821e-10	5.76805839767498e-10
gene-BTH_RS13505	148.797982201178	-1.19065325502935	0.186279178237081	-6.39176780946491	1.63978771993021e-10	7.35077253761819e-10
gene-BTH_RS01215	250.953932672105	-1.05845914537609	0.165668896859048	-6.38900340041878	1.66970346873574e-10	7.47729415583785e-10
gene-BTH_RS04230	211.580482729771	1.05251200194836	0.165035409120267	6.37749200343643	1.80011446735696e-10	8.05314366975484e-10
gene-BTH_RS24105	123.802441772623	-1.32042960008649	0.20751952200977	-6.36291750915043	1.97957020122894e-10	8.82916275421989e-10
gene-BTH_RS08290	170.47687192348	-1.22461859551985	0.192740353888319	-6.35372183777061	2.10166732547961e-10	9.34544223201193e-10
gene-BTH_RS09910	247.5116509416	-1.05643896058176	0.166516819894578	-6.34433783476405	2.23384146713946e-10	9.92319526106172e-10
gene-BTH_RS35460	71.2655189639815	-1.86171251827814	0.293796615940628	-6.33673914969247	2.34678804216003e-10	1.03935903270014e-09
gene-BTH_RS01630	132.141198649494	-1.3057831998836	0.20617703342789	-6.33331064170294	2.39955755982103e-10	1.06166610754844e-09
gene-BTH_RS03490	150.126959366626	-1.23768205165368	0.195896206568297	-6.31805012121137	2.64884113566469e-10	1.16845088020339e-09
gene-BTH_RS08025	209.012918724487	1.1906108070326	0.188501920195738	6.31617336203412	2.68119266700448e-10	1.18154253122231e-09
gene-BTH_RS13535	121.16606747179	-1.3013926454352	0.206056858131226	-6.3156968287191	2.68946837303505e-10	1.18400898494173e-09
gene-BTH_RS16090	9154.79229662369	1.80075645360092	0.286014944150298	6.29602225488834	3.05380547773121e-10	1.33774234009633e-09
gene-BTH_RS14205	146.197588507835	-1.34826953672795	0.21429967547995	-6.29151459846281	3.14383243413186e-10	1.37581577810523e-09
gene-BTH_RS03025	229.30038156664	-1.00109181835678	0.159610154214001	-6.27210607800392	3.5619676082954e-10	1.54959614455371e-09
gene-BTH_RS02860	77.8999739430764	-1.71172257548103	0.273402351374368	-6.26081877817202	3.82961361011072e-10	1.66275954387912e-09
gene-BTH_RS15370	146.810188578	1.18312590476025	0.189521467040532	6.24270127936069	4.30077793447387e-10	1.85820512906887e-09
gene-BTH_RS02520	102.530518904142	-1.54390915160464	0.247332205306018	-6.24224875888846	4.31324250727718e-10	1.86177069161769e-09
gene-BTH_RS23940	272.678613038881	1.06089569184304	0.170461085291474	6.22368260784566	4.85618999731232e-10	2.09000582162809e-09
gene-BTH_RS00135	72.8074722269023	-1.90778083741715	0.306776507223949	-6.21879704766458	5.009807924894e-10	2.15402247354392e-09
gene-BTH_RS25345	70.5764047794623	-1.62688069106392	0.261650181267216	-6.21777016619925	5.04269442459292e-10	2.16605533106907e-09
gene-BTH_RS07790	114.345725650155	-1.38438328190748	0.223572723423891	-6.19209383285414	5.93701885394242e-10	2.5378745971398e-09
gene-BTH_RS33235	34.1228378740933	-2.37023658629348	0.382850624388686	-6.19102186414907	5.9775416198933e-10	2.55272791883366e-09
gene-BTH_RS14780	200.341582703779	-1.20036428559342	0.194183173242808	-6.18160814630668	6.34518687393644e-10	2.70711640760609e-09
gene-BTH_RS14735	173.357240301687	-1.11827408255829	0.181232750624461	-6.17037526995052	6.81281011030371e-10	2.90102318762451e-09
gene-BTH_RS18335	105.360228060016	-1.55478719597926	0.252256897443632	-6.16350716961739	7.11511555319155e-10	3.02392411010641e-09
gene-BTH_RS26850	557.57900193614	2.23788792174925	0.363366795953193	6.15875734016578	7.33179687297206e-10	3.11003283863114e-09
gene-BTH_RS17035	119.52711535111	-1.28205629399214	0.20857697209177	-6.14668187544719	7.91205896837873e-10	3.34653594643388e-09
gene-BTH_RS11360	72.3008544322327	-1.57431742332847	0.256172294627781	-6.14554132645747	7.969126046284e-10	3.36423468238542e-09
gene-BTH_RS07065	171.569084585155	-1.40216141700393	0.228516416024666	-6.13593299508332	8.46608374707223e-10	3.56042722759841e-09
gene-BTH_RS04595	186.959026401321	1.09097456017736	0.177901103338206	6.13247776267758	8.65208059075219e-10	3.63173753192067e-09
gene-BTH_RS04820	127.191737892491	-1.26430957026128	0.206205593411637	-6.13130589400358	8.71606328256016e-10	3.65512331204136e-09
gene-BTH_RS09920	62.0968638235747	-1.7818500113835	0.290678128502685	-6.12997620619758	8.78922165760036e-10	3.68230897882404e-09
gene-BTH_RS25185	295.091989039472	1.11352676131916	0.181929194788601	6.12066008764048	9.31885052691542e-10	3.89313037135786e-09
gene-BTH_RS00925	81.9424242587361	-1.48290072074274	0.242385563838834	-6.11794158553413	9.47917992998044e-10	3.95263917835033e-09
gene-BTH_RS04875	125.214388608699	-1.40248533459864	0.229284505679718	-6.11679071135204	9.54786275046575e-10	3.97752623534954e-09
gene-BTH_RS05780	44.1967363052906	-2.20081859234994	0.360286118971189	-6.10853007225053	1.00552915444199e-09	4.18103373719059e-09
gene-BTH_RS01205	118.660840340191	-1.36735733190695	0.223887961657419	-6.10732851281751	1.01312572412373e-09	4.20470957805343e-09
gene-BTH_RS05580	84.7075502035373	-1.53264917464659	0.251110287891055	-6.10349017365444	1.03776951289929e-09	4.2989140084488e-09
gene-BTH_RS22015	24.3832411341735	-2.88411383279742	0.472587311394685	-6.10281690442748	1.04215203166207e-09	4.31059394817024e-09
gene-BTH_RS25195	86.7172106054535	-1.8030395169224	0.295558798867321	-6.10044269983583	1.05775096201887e-09	4.3694011702088e-09
gene-BTH_RS06965	99.4989701337189	-1.38313532942136	0.226738332201265	-6.10013893986666	1.05976307039483e-09	4.37362536988342e-09
gene-BTH_RS06805	36.1385593845992	-2.25316253332728	0.369710597434553	-6.094395316126	1.09851890520268e-09	4.52511981453479e-09
gene-BTH_RS01185	146.475726083161	-1.17027950901304	0.192242628704535	-6.08751303963743	1.14678038931594e-09	4.71075215685544e-09
gene-BTH_RS09110	149.271842466731	-1.17825493227389	0.193594446292119	-6.08620213462111	1.15620455467568e-09	4.74505490405431e-09
gene-BTH_RS02290	293.806425393544	1.15671728852359	0.190221156520865	6.08090766389971	1.19504101296195e-09	4.89988986761763e-09
gene-BTH_RS06920	105.373378239199	-1.32615653837811	0.218206895352619	-6.07751893557288	1.2205627173634e-09	4.99526593587614e-09
gene-BTH_RS03780	105.471977175511	-1.31047268800925	0.215665529815367	-6.07641234615081	1.22901133901492e-09	5.02518974879368e-09
gene-BTH_RS34560	137.449224251372	-1.18075457124946	0.195120768892955	-6.05140384567282	1.43588981306003e-09	5.86023358608065e-09
gene-BTH_RS00830	123.811719770224	-1.38495399589037	0.229120358602174	-6.04465707167947	1.49728124078265e-09	6.10515044673368e-09
gene-BTH_RS01000	192.343871653035	-1.11485695802312	0.18472758754464	-6.03514057018536	1.58824368974693e-09	6.46412256784663e-09
gene-BTH_RS02980	56.8097956219478	-1.95965273581208	0.324785524865828	-6.03368249438344	1.60264809346342e-09	6.51674753735817e-09
gene-BTH_RS12605	88.6044308067185	-1.6190283265974	0.26867515135182	-6.02596972012997	1.68098655030896e-09	6.81647757097764e-09
gene-BTH_RS35550	71.5928689948232	-2.00112619925646	0.332671485550838	-6.01532228090722	1.79529165854535e-09	7.26665671315976e-09
gene-BTH_RS00970	94.3978587559347	-1.36245533758851	0.227186549258009	-5.99707747680613	2.00900225379514e-09	8.07253632888593e-09
gene-BTH_RS10615	111.28659565603	-1.35329564324833	0.226069212321976	-5.9862005504797	2.14799492057636e-09	8.62319486734561e-09
gene-BTH_RS02130	150.572268270658	1.10712413170896	0.185295730257175	5.97490363200687	2.30226235436097e-09	9.21739094771332e-09
gene-BTH_RS00255	86.2583138124609	-1.47366503565976	0.246907727736641	-5.96848486342886	2.39466856405248e-09	9.57001361040865e-09
gene-BTH_RS19335	103.503400147438	-1.50238059734715	0.251886329162258	-5.96451821082899	2.45356905560661e-09	9.78770327236572e-09
gene-BTH_RS07850	101.662851681962	-1.41197103630881	0.237065926767001	-5.95602689751597	2.58443813393285e-09	1.02911860828677e-08
gene-BTH_RS20070	182.540878596551	1.00531027275166	0.168798851025602	5.95567011649375	2.59008316600671e-09	1.03043812725019e-08
gene-BTH_RS00350	490.182393989617	1.00822018188135	0.169330994081994	5.95413844551778	2.61445418391119e-09	1.0382648241588e-08
gene-BTH_RS05150	171.030530570344	-1.09969447857101	0.184987743258362	-5.94468833016209	2.76983354006515e-09	1.09898242792531e-08
gene-BTH_RS01790	59.2477977895573	-1.98521647043701	0.334219383869113	-5.93986036194257	2.8526495439214e-09	1.13082609723162e-08
gene-BTH_RS30210	192.407419541047	-1.04692248249033	0.176306317121032	-5.93808832029332	2.88364694026681e-09	1.14145241923238e-08
gene-BTH_RS09270	132.05760985357	-1.31306847442015	0.22113399090688	-5.93788620661708	2.88720317805838e-09	1.14145241923238e-08
gene-BTH_RS08255	198.799052109498	-1.02320635723262	0.172509524641226	-5.93130355764771	3.005389845411e-09	1.18499760184805e-08
gene-BTH_RS11855	177.649489548536	1.18216523319624	0.200014190715051	5.91040680148743	3.4126389117787e-09	1.34317577827799e-08
gene-BTH_RS35120	137.217859898665	-1.15169566318968	0.195122450399398	-5.902425173691	3.58196593533973e-09	1.40731461637348e-08
gene-BTH_RS24240	210.347891885287	-1.07062832608459	0.181475900025043	-5.89956201312046	3.64467772427862e-09	1.43068166441488e-08
gene-BTH_RS11825	102.905237483632	-1.3596881813127	0.230556552886643	-5.89741720323694	3.69235438802691e-09	1.44682680807438e-08
gene-BTH_RS05005	59.2148009762147	-1.71101169564422	0.291388691578953	-5.87192209269597	4.30771185209096e-09	1.68198642988004e-08
gene-BTH_RS15335	100.388360472048	-1.34633205122513	0.230099706977975	-5.85108112003811	4.88387936320682e-09	1.90024179448716e-08
gene-BTH_RS05550	57.3775899012896	-1.710657742748	0.292963525697444	-5.83914922062575	5.24680609551323e-09	2.0342879773832e-08
gene-BTH_RS02485	233.281076943786	-1.07025225617508	0.183340921672949	-5.8374979595894	5.29905434210843e-09	2.0509474774185e-08
gene-BTH_RS00290	21.4109014522609	-2.89850162563154	0.496599824267768	-5.83669482748077	5.32464921771154e-09	2.05725083411582e-08
gene-BTH_RS34955	145.065820945474	-1.20117392913613	0.205900424849713	-5.83376129511568	5.4191634428222e-09	2.08657819297843e-08
gene-BTH_RS35560	13.5773254009127	-4.1760957794124	0.715850653602653	-5.83375283433132	5.41943838357294e-09	2.08657819297843e-08
gene-BTH_RS34730	174.23886800578	-1.07477022982056	0.18422843641315	-5.83389975372902	5.41466603406956e-09	2.08657819297843e-08
gene-BTH_RS13250	185.763952485741	-1.06353538369466	0.183737990217875	-5.78832598763884	7.10913431222763e-09	2.72527091587564e-08
gene-BTH_RS07570	120.58025920407	-1.15753712738838	0.200002459143538	-5.7876144740682	7.13930330552351e-09	2.73209702254666e-08
gene-BTH_RS00955	63.832223054864	-1.62738173613881	0.281219684149987	-5.7868699378485	7.17100579725215e-09	2.74185515777288e-08
gene-BTH_RS12025	59.1896172616251	-1.73089742917388	0.299154830568789	-5.7859584813753	7.21000220243702e-09	2.75226212146785e-08
gene-BTH_RS35265	135.238230755921	-1.19345790709325	0.206268530748863	-5.78594273571624	7.21067768475061e-09	2.75226212146785e-08
gene-BTH_RS14945	145.759287610677	1.08734953788634	0.187991930545899	5.78402240313642	7.29352225447126e-09	2.78148130843511e-08
gene-BTH_RS03350	99.3491761589535	-1.51984479432115	0.262888510423312	-5.78132833524693	7.4113082475245e-09	2.8239640046602e-08
gene-BTH_RS11665	79.4200253900418	-1.46163433776049	0.25298067323844	-5.7776521781285	7.5750199323604e-09	2.8838577175739e-08
gene-BTH_RS25380	108.653460898238	-1.34410132189228	0.232901874692047	-5.77110563695336	7.87530828879659e-09	2.99559919418941e-08
gene-BTH_RS35635	37.7120674627216	-2.15981979419867	0.374730788392953	-5.76365716695214	8.23105307735932e-09	3.11750253658339e-08
gene-BTH_RS28020	81.8676223603605	-1.5030684051468	0.261051426050625	-5.75774830226484	8.52433285363292e-09	3.22581774084397e-08
gene-BTH_RS06115	53.886545869457	-1.73053850651036	0.300861333412642	-5.75194720730983	8.8221351599156e-09	3.33565760537442e-08
gene-BTH_RS03960	76.4308988766506	1.68162069050902	0.292405577160781	5.75098705995053	8.87239066600656e-09	3.35179202938026e-08
gene-BTH_RS26575	171.099913011928	-1.06393580425123	0.185202652795781	-5.74471147248848	9.20778553891849e-09	3.47552622391287e-08
gene-BTH_RS06650	95.607947343577	1.40082212982446	0.243931124199006	5.74269533838425	9.31812894380436e-09	3.51417490884089e-08
gene-BTH_RS04535	51.1664540764348	-1.80767990298243	0.315499907966107	-5.72957347162403	1.00683474129329e-08	3.79063846381288e-08
gene-BTH_RS01120	116.284828846051	-1.42876311348549	0.249452452911236	-5.72759697012838	1.01863213475806e-08	3.83179066862182e-08
gene-BTH_RS11190	76.7573469116156	-1.4467764231631	0.252915116116138	-5.72040313517184	1.06271600604865e-08	3.98744036225383e-08
gene-BTH_RS07800	67.9448624858781	-1.65027750233409	0.288833102938559	-5.71360237294247	1.10609281326588e-08	4.13965303525419e-08
gene-BTH_RS09260	83.5096726179684	-1.44953833172602	0.254168869315473	-5.70305220946183	1.1768091765823e-08	4.39315587879539e-08
gene-BTH_RS00300	198.557482929137	-1.04017501461323	0.182792909129343	-5.69045604431631	1.26700525404287e-08	4.71557342372204e-08
gene-BTH_RS13810	201.130479087306	-1.02413986847724	0.180038925539982	-5.68843579467931	1.28208297735233e-08	4.76202248730865e-08
gene-BTH_RS04340	26.8606245092517	-2.69519720651731	0.474480646933693	-5.68031009048502	1.34450761630559e-08	4.98550642958953e-08
gene-BTH_RS12105	96.9074223880529	-1.3192173616194	0.232891951833414	-5.664503866424	1.47450537791046e-08	5.45838674234859e-08
gene-BTH_RS21880	117.714192828618	1.17113650019658	0.206979355564047	5.65822855620103	1.52943372590225e-08	5.65225507398656e-08
gene-BTH_RS35510	78.4870526764633	-1.37703096448554	0.243493874047355	-5.65530024060374	1.55574075353167e-08	5.7446734591562e-08
gene-BTH_RS04880	31.467908535876	-2.22624726060567	0.39388832337423	-5.65197577205285	1.58613952282559e-08	5.85203396568373e-08
gene-BTH_RS01755	77.430211608958	-1.61579594261914	0.285979004205125	-5.65005094381046	1.60400294056537e-08	5.91300500191737e-08
gene-BTH_RS12030	77.2870320474158	-1.49638208383984	0.26521984282093	-5.6420442298888	1.68042914461607e-08	6.17928187953662e-08
gene-BTH_RS09265	112.242481102484	-1.31276542552757	0.232969969025282	-5.63491264998668	1.75147090510803e-08	6.42981843901784e-08
gene-BTH_RS01715	154.740559124884	-1.08152934914634	0.192658215246388	-5.61372037918646	1.98022118992959e-08	7.23951832877484e-08
gene-BTH_RS33575	47.8865598896757	-1.75030007605917	0.312332642710751	-5.60396140751804	2.09507374846431e-08	7.64675967647586e-08
gene-BTH_RS11625	53.5548444131477	-1.74495558082044	0.312253684336589	-5.58826258376343	2.29352663801682e-08	8.34352900414348e-08
gene-BTH_RS07365	52.8276100340762	-1.66250723181911	0.298083976097033	-5.57731164750005	2.44264033672142e-08	8.87138068061517e-08
gene-BTH_RS28125	31.850418663315	-2.13288706437411	0.38357378611244	-5.56056524610594	2.6890229701245e-08	9.75018993269098e-08
gene-BTH_RS35800	51.7156156042829	-1.69932937043109	0.305802702054083	-5.55694687789436	2.7453426697126e-08	9.93809549560172e-08
gene-BTH_RS11615	32.3913545228311	-2.21455817696152	0.399818344971229	-5.5389108699374	3.04358483517563e-08	1.0999709706849e-07
gene-BTH_RS31245	52.4702489504118	-1.6568308318222	0.299985995414213	-5.52302726510447	3.33208003802098e-08	1.20030919055035e-07
gene-BTH_RS14930	78.2038139243466	-1.56998909110065	0.284412241892562	-5.52011784251441	3.38772395131044e-08	1.21737722477985e-07
gene-BTH_RS00825	109.58846851664	-1.21877751928871	0.220872854270277	-5.51800502291387	3.42869635178366e-08	1.23109974613191e-07
gene-BTH_RS08275	79.5825382439908	-1.43015375295202	0.259457531482696	-5.51209188177835	3.54593712554343e-08	1.27216250770308e-07
gene-BTH_RS11430	103.42278296539	-1.44831122823023	0.263303823956335	-5.50053245132669	3.78646052430199e-08	1.35515429290808e-07
gene-BTH_RS10620	180.288498146848	-1.14567118521352	0.208394683285483	-5.49760275622794	3.84988982739619e-08	1.37574549839529e-07
gene-BTH_RS08685	166.110609773718	1.10196615950209	0.201117762406535	5.47920853094319	4.27232602902605e-08	1.51920201514844e-07
gene-BTH_RS00915	73.4337263732738	-1.46285744933591	0.267936505470581	-5.45971683390685	4.76894577646576e-08	1.68764934603512e-07
gene-BTH_RS26690	115.815585165202	1.1063857275583	0.202682479930613	5.45871418159609	4.79595078681719e-08	1.69584819821856e-07
gene-BTH_RS07515	104.288720832388	-1.24632724923019	0.228639024481469	-5.45106965906952	5.00677525008713e-08	1.76615695174662e-07
MSTRG.4368.1	47.3607321873143	-1.86335699242919	0.343418682283229	-5.4259045548734	5.76617672210118e-08	2.02434480632941e-07
gene-BTH_RS13560	121.280184680759	-1.09307678342317	0.20164117537906	-5.42090067352723	5.92995031729413e-08	2.07853928647423e-07
gene-BTH_RS11265	88.1361699449229	-1.35563069562988	0.2506905127562	-5.40758675198951	6.38796041597385e-08	2.22671806298142e-07
gene-BTH_RS14855	106.307772451433	-1.34990976573005	0.249737185527062	-5.40532144975169	6.46922665313559e-08	2.25149463046136e-07
gene-BTH_RS28290	43.696039977763	-1.78931896185813	0.331141794770565	-5.40348270775628	6.53592592859831e-08	2.2729183795755e-07
gene-BTH_RS25135	44.1552499048095	1.66753429124789	0.308928069356205	5.3978076343887	6.74601394083352e-08	2.34229235023442e-07
gene-BTH_RS22010	45.4239060806856	-1.92821459797104	0.357415237448825	-5.39488638406784	6.85669254958631e-08	2.37512390824228e-07
gene-BTH_RS02515	31.3434507551612	-2.11065675424762	0.39143205352721	-5.39214082042696	6.96231702432229e-08	2.40793749980473e-07
gene-BTH_RS00145	133.801129443986	-1.13860786692968	0.211624571006928	-5.38031978759407	7.43536386962658e-08	2.56752408623043e-07
gene-BTH_RS07670	41.7098545233576	-1.88149474282347	0.350037666162558	-5.37512080756962	7.65313518340387e-08	2.63860042984751e-07
gene-BTH_RS24010	249.635998144616	1.10453220355022	0.20548903968445	5.37513925436773	7.65235168519306e-08	2.63860042984751e-07
gene-BTH_RS02075	171.990518851303	-1.06618627237615	0.198806578156054	-5.36293256624157	8.18815805732194e-08	2.81647148742124e-07
gene-BTH_RS00905	42.5493589141993	-1.76082330631587	0.329653880394462	-5.34143054590735	9.22159471472305e-08	3.15475608661578e-07
gene-BTH_RS34330	47.9021693706966	-1.75043433383958	0.327871695707388	-5.33877842081791	9.35749219069186e-08	3.19629949635688e-07
gene-BTH_RS06935	67.9499782959809	-1.4860279499595	0.278367675380613	-5.33836390280462	9.37890693595742e-08	3.20114043682871e-07
gene-BTH_RS07845	96.0221853573984	-1.24357146267176	0.233408796951037	-5.32786886748159	9.93718237601142e-08	3.3890699152755e-07
gene-BTH_RS31575	57.6940071923817	-1.67061946029882	0.31357911927561	-5.32758515349513	9.9527122154112e-08	3.39174926693273e-07
gene-BTH_RS03600	78.141515940256	-1.33674858378212	0.251125687878266	-5.32302607143127	1.02055111515047e-07	3.47522028425662e-07
gene-BTH_RS15740	56.6211718277146	-1.64173691407299	0.310100251599241	-5.29421342164757	1.19529773018174e-07	4.03607025775654e-07
gene-BTH_RS24025	45.4568478575634	1.81439883863136	0.34558921263374	5.25016051514976	1.51966729731376e-07	5.08858291979305e-07
gene-BTH_RS17030	43.5023558613207	-1.74231089192753	0.332716408953059	-5.23662447971822	1.6353995695423e-07	5.43902640886152e-07
gene-BTH_RS11590	95.1350075780844	-1.27913655303992	0.244280642043804	-5.23634022875438	1.63791900010453e-07	5.44330975974588e-07
gene-BTH_RS07085	33.7090731807605	-1.98139104439788	0.380856367808305	-5.20246269164433	1.96664848867252e-07	6.46769815471171e-07
gene-BTH_RS04855	124.622684803497	-1.05336402279468	0.202524651138647	-5.20116448477943	1.98043730431121e-07	6.50820288851713e-07
gene-BTH_RS22985	56.0251178505658	-1.80788141364083	0.34763615759774	-5.20049878048873	1.98754423334786e-07	6.52186006785268e-07
gene-BTH_RS08030	225.435851967555	1.07902483032795	0.207528661397205	5.19940148538193	1.9993125756437e-07	6.55560948393557e-07
gene-BTH_RS24940	35.323699379533	-1.98543508818162	0.382204347344034	-5.1946951989912	2.05055520094513e-07	6.71864639598035e-07
gene-BTH_RS00330	184.65920384404	-1.03710763653587	0.199818976668708	-5.1902359516902	2.10027764481437e-07	6.87137467807513e-07
gene-BTH_RS25350	111.468822357942	-1.12698574028797	0.217270196631638	-5.18702407306546	2.13681118490264e-07	6.98056573338482e-07
gene-BTH_RS10870	153.294313727525	-1.077657966756	0.207833972190253	-5.18518678827689	2.15798471867745e-07	7.03933022623934e-07
gene-BTH_RS01615	117.219106361108	-1.23494286248238	0.238258680201826	-5.1832019779354	2.18108618767575e-07	7.10944022826461e-07
gene-BTH_RS19295	160.904173245125	-1.04620126643036	0.202062602652852	-5.17760957591821	2.24746944349868e-07	7.32042368479306e-07
gene-BTH_RS21340	133.014251404584	1.52027200330265	0.293748527826167	5.17541999121885	2.2739886353061e-07	7.39590122741203e-07
gene-BTH_RS06810	106.093363832124	-1.22182012969836	0.236196236042556	-5.17290262609529	2.30485142520698e-07	7.48269303421979e-07
gene-BTH_RS01350	40.476871217245	-1.8268752657917	0.354208917926255	-5.15762075242851	2.50107553128935e-07	8.10465824655345e-07
gene-BTH_RS01195	145.099231844446	-1.03220721198917	0.200233941136129	-5.15500621988665	2.53622510616985e-07	8.20145899087811e-07
gene-BTH_RS06785	101.764908891375	-1.16082345099594	0.225184649122306	-5.15498483364849	2.53651457930552e-07	8.20145899087811e-07
gene-BTH_RS09530	73.8011128644732	-1.43258756078628	0.278002739402262	-5.15314188581919	2.56158001238638e-07	8.27645004002031e-07
gene-BTH_RS11645	40.3131082344725	-1.89743608796437	0.369415402051105	-5.13632100185656	2.80168947668892e-07	9.01927712087766e-07
gene-BTH_RS02425	21.7406679865995	-2.47368138725261	0.481702618891205	-5.13528739566869	2.81713187532573e-07	9.06238929326035e-07
gene-BTH_RS01845	28.7927701982932	-2.02717196629985	0.395890483313602	-5.12053724891901	3.04666428434998e-07	9.76523287659674e-07
gene-BTH_RS11685	75.7078253369107	-1.44773462735144	0.284254716355499	-5.09308920503839	3.5227584512384e-07	1.12018650032185e-06
gene-BTH_RS19475	43.2992313589459	-1.62710168584132	0.319593653171023	-5.09115769257974	3.55883889223867e-07	1.13084600314126e-06
gene-BTH_RS11015	96.5115735395727	-1.21908047147318	0.239950729531007	-5.08054496794369	3.76353630023411e-07	1.1907537900526e-06
gene-BTH_RS06815	86.5485882996075	-1.34119895807404	0.264233790331346	-5.0758041066292	3.85860673422386e-07	1.21908804612362e-06
gene-BTH_RS26640	81.6189044518996	-1.42002105005845	0.280144383477993	-5.06888995034947	4.00142490821835e-07	1.26330700673751e-06
gene-BTH_RS06045	66.4336555509713	-1.59556323393588	0.315159750304531	-5.0627125843136	4.13332757050935e-07	1.30401911931844e-06
gene-BTH_RS02525	84.7774774416364	-1.27150985918525	0.251368881031264	-5.05834236110996	4.22916648564498e-07	1.3323532335389e-06
gene-BTH_RS01500	84.1465043841289	-1.5984900431813	0.31620168937482	-5.05528622045556	4.29745771677727e-07	1.35194043474417e-06
gene-BTH_RS09235	89.19653717248	-1.20469663415006	0.238823491976124	-5.0442970420619	4.55191699622777e-07	1.42792570073291e-06
gene-BTH_RS23275	146.287777799798	-1.04624480115555	0.207433219992525	-5.04376686238228	4.56455408578071e-07	1.43087440135821e-06
gene-BTH_RS24630	51.1224938604293	-1.74039181171754	0.345574474231122	-5.03622790887488	4.74795208327652e-07	1.48625695524662e-06
gene-BTH_RS28945	62.5664555185814	-1.34864303818384	0.267802080296327	-5.03596923777269	4.75436915596461e-07	1.48721243236826e-06
gene-BTH_RS01495	61.8957367000926	-1.69780274818702	0.337330455539847	-5.03305503640323	4.8272446550886e-07	1.50894069133604e-06
gene-BTH_RS05165	48.3397275807055	-1.59869690581078	0.320245421741513	-4.99209917542918	5.97265710971404e-07	1.8564799173654e-06
gene-BTH_RS35450	37.6498497634377	-1.84025234350214	0.36904921599266	-4.98646864362594	6.14928810625825e-07	1.91003889175414e-06
gene-BTH_RS06435	162.163845454757	1.00123855063443	0.20106788646558	4.97960449196757	6.37143454993016e-07	1.97487662767821e-06
gene-BTH_RS01665	42.7099434216286	-1.95324421878398	0.392363522795184	-4.97814935718064	6.41951122893219e-07	1.98838399662791e-06
gene-BTH_RS06830	46.17972004689	-1.71158642643738	0.345033046535	-4.96064491104841	7.02595242101752e-07	2.16711163300052e-06
gene-BTH_RS01505	54.5384567880676	-1.61391483862804	0.326168910106631	-4.94809526174774	7.49432310857733e-07	2.30674847770974e-06
gene-BTH_RS19725	27.498051482798	-1.9968524231088	0.403655896834254	-4.94691750763331	7.53979094908465e-07	2.31751571592171e-06
gene-BTH_RS21115	99.6648022458279	-1.08915763618351	0.220767329766021	-4.93350912627265	8.07652665252649e-07	2.47217782577334e-06
gene-BTH_RS33270	114.640648373319	-1.03613124595652	0.210051253676742	-4.93275440074769	8.10780760030863e-07	2.48003526597676e-06
gene-BTH_RS34990	41.9891891918006	-1.59948490546342	0.32434848643426	-4.9313777383315	8.16516663194105e-07	2.49585314752278e-06
rna-BTH_RS15455	120.444170338424	-1.07598629764996	0.218618103265441	-4.92176211200367	8.5768431342095e-07	2.61445838987627e-06
gene-BTH_RS17325	78.5563235990436	-1.24445383912261	0.252914907150224	-4.92044479759923	8.63477522595581e-07	2.63030368702444e-06
gene-BTH_RS08315	60.2729500455549	-1.3974445399164	0.284660262736191	-4.90916619862563	9.14644401328839e-07	2.78041833141229e-06
gene-BTH_RS25160	116.147026254301	1.03770736798266	0.211458907080634	4.90737128224615	9.23051948090094e-07	2.80404784230805e-06
MSTRG.3231.1	69.4899344853438	1.37989307200454	0.281298280409746	4.9054443916065	9.32160479390467e-07	2.82977288386392e-06
gene-BTH_RS09470	80.3876843183111	-1.18117359863425	0.24111070905491	-4.89888484532327	9.63821077909102e-07	2.91387767739961e-06
gene-BTH_RS09170	101.36152168209	-1.27486233261169	0.260333662524429	-4.89703221723032	9.7294891557168e-07	2.93946288915026e-06
gene-BTH_RS28455	61.6942998245065	-1.38434665218868	0.282898356127129	-4.89344183946612	9.90876063020412e-07	2.98953733689435e-06
gene-BTH_RS35565	108.853050120325	1.12746874291241	0.23063755016679	4.8884873347686	1.01613733713549e-06	3.05948707775126e-06
gene-BTH_RS12915	88.9588552667142	1.08738287359967	0.223136944027782	4.87316377992648	1.09825101472039e-06	3.295498632087e-06
MSTRG.1635.1	44.8633908470992	1.56467519777628	0.321177900106877	4.87167765047224	1.10654602815675e-06	3.31588708098498e-06
gene-BTH_RS31690	89.6205791394758	-1.24145831010896	0.255350109040162	-4.86178883876528	1.16329680723029e-06	3.47887137209601e-06
gene-BTH_RS35405	31.5189549156038	-1.89959483428661	0.391302748788733	-4.85453996979768	1.20666531074525e-06	3.59882636538058e-06
gene-BTH_RS18735	115.966703926048	1.03261112084379	0.213490541057688	4.83680033657683	1.31945846394094e-06	3.92703861893413e-06
gene-BTH_RS03370	36.3404472932857	-2.00865525867442	0.416941505107619	-4.81759487618281	1.45299006942928e-06	4.30155131070154e-06
gene-BTH_RS05155	83.4138942606331	-1.35347720290392	0.281075061192439	-4.81535856351645	1.46935806949115e-06	4.34709683209564e-06
gene-BTH_RS02960	64.8920162257055	-1.36740217945044	0.28493835544928	-4.79894037885624	1.59507264028883e-06	4.71271461903517e-06
gene-BTH_RS08165	80.5035214050821	-1.16680025744858	0.243463946971208	-4.79249709028404	1.64718161673045e-06	4.86342200798169e-06
gene-BTH_RS35000	68.3564416809799	-1.24351544892387	0.26256970867542	-4.73594404776167	2.18037741372022e-06	6.36543472169311e-06
gene-BTH_RS21210	130.552179347014	-1.05841874645644	0.223755922192026	-4.73023791320306	2.24256870388062e-06	6.53835994139338e-06
gene-BTH_RS09290	101.207013347846	-1.03945140032122	0.220202109125158	-4.72044252641747	2.35332097508698e-06	6.85222576408727e-06
MSTRG.946.1	39.8374749878542	1.84390493963722	0.391050901491288	4.71525556546582	2.41407547748845e-06	7.01987737532827e-06
gene-BTH_RS00075	139.807395085829	-1.04895208358766	0.222520252038087	-4.71396232019423	2.42945607351018e-06	7.05531921479303e-06
gene-BTH_RS05990	66.5792703053218	-1.611798425069	0.342016708700791	-4.71263065243711	2.44539191889183e-06	7.09227839993563e-06
gene-BTH_RS08440	111.696571337347	-1.11907189492997	0.23769469506722	-4.70802217362696	2.50131897778628e-06	7.24258054523446e-06
gene-BTH_RS00080	106.540211358663	-1.07563930589853	0.228703366710567	-4.70320713406808	2.56106360438834e-06	7.3986281904552e-06
gene-BTH_RS09330	79.9055390663572	-1.21279362286465	0.258007129970932	-4.70062057200236	2.5937205562881e-06	7.48807632840848e-06
gene-BTH_RS10625	19.8755683644995	2.19641045003255	0.467506378114051	4.6981400743515	2.62541356481747e-06	7.56475094947406e-06
gene-BTH_RS03385	95.5547084788988	-1.05461280381735	0.224798876931171	-4.69136153264791	2.71392917522226e-06	7.80453282659881e-06
gene-BTH_RS33690	15.6071614898639	-2.52832026010826	0.539510322029363	-4.68632416632551	2.78155575850692e-06	7.98861367940258e-06
gene-BTH_RS11355	71.543777533666	-1.34107592704166	0.287259640748617	-4.66851494886902	3.03384706496732e-06	8.67935535738225e-06
gene-BTH_RS04725	51.5177272892139	-1.47208685225474	0.315376795966693	-4.66770818614763	3.04578070477154e-06	8.70785945348655e-06
gene-BTH_RS20105	86.1172065603977	-1.09763832323499	0.236733075495995	-4.63660737281962	3.54174252170699e-06	1.00996786748032e-05
gene-BTH_RS13540	64.4902321296601	-1.3313452472563	0.28770169594959	-4.62751963578821	3.70071154600398e-06	1.05326110968046e-05
gene-BTH_RS00930	32.748766627012	-1.73947144578048	0.377230694292493	-4.61116094766072	4.00426348960595e-06	1.13672733616303e-05
gene-BTH_RS02810	70.0679883002725	-1.24658966553264	0.270713811067581	-4.60482478014928	4.1281329196034e-06	1.17038790921405e-05
gene-BTH_RS11695	61.620742430267	-1.3533732697104	0.294083280493723	-4.60200684458596	4.18439449823721e-06	1.18406041499414e-05
gene-BTH_RS10005	52.200556949461	-1.40426755551019	0.305775690803515	-4.59247611155767	4.38017662404156e-06	1.23866798965219e-05
gene-BTH_RS28530	94.3720598714336	-1.08881669012034	0.238007725693131	-4.57471154328904	4.76876554741029e-06	1.34339985465605e-05
gene-BTH_RS13160	33.4712335677457	-1.69025178732898	0.369697790981516	-4.57198238280382	4.8313156708988e-06	1.36015383855877e-05
gene-BTH_RS07640	66.3476877118775	-1.33711646505751	0.293238564806017	-4.55982474863782	5.11963280910291e-06	1.43583610509105e-05
gene-BTH_RS08640	96.1573740470809	-1.09821504589456	0.241590271647268	-4.54577511919851	5.4733451040188e-06	1.53309159440831e-05
gene-BTH_RS11185	40.8451760626327	-1.64731011554491	0.362506172044787	-4.54422639552021	5.51373729145588e-06	1.54245055874905e-05
gene-BTH_RS26160	55.0602002704431	1.37475670070682	0.302709962718006	4.54149803449812	5.58559068300675e-06	1.56156298664705e-05
gene-BTH_RS06890	20.1996382475723	-2.20402868320244	0.485389655030985	-4.54074094978754	5.60568739911819e-06	1.56619079039838e-05
gene-BTH_RS03730	78.1563437332288	-1.19285227890897	0.263087022345911	-4.53405975054364	5.78606495151425e-06	1.61250990452037e-05
rna-BTH_RS27945	74.9414655102838	1.4494763845757	0.319832333894919	4.53198826686461	5.84310961165931e-06	1.62738150494859e-05
gene-BTH_RS12500	88.4612873097094	-1.25359899994765	0.277419598996785	-4.51878311583236	6.21960653831701e-06	1.72680030774882e-05
gene-BTH_RS22730	44.7339193918678	-1.43689561172645	0.318772081275211	-4.5075955396668	6.55664098824925e-06	1.81467458785609e-05
gene-BTH_RS11655	65.4540097898258	-1.20793480074508	0.268989539678843	-4.49063856604714	7.10099607714044e-06	1.95971179372215e-05
gene-BTH_RS06445	74.2086991549747	-1.17528749664675	0.261800722954899	-4.48924465670486	7.14761680264779e-06	1.97083382830338e-05
gene-BTH_RS23910	86.451048413122	1.03823913002501	0.231286727436261	4.48896978020987	7.1568448185624e-06	1.97214801110011e-05
gene-BTH_RS01070	62.4900665089615	-1.25459792991991	0.28002680205347	-4.4802780331018	7.45458687795404e-06	2.04908420401473e-05
gene-BTH_RS01700	88.0132178631821	-1.0992843161588	0.246009857664691	-4.46845637241543	7.87860768302485e-06	2.15758649064249e-05
gene-BTH_RS04080	98.9157315553538	-1.01222221790884	0.226976074067098	-4.45959875757484	8.21132311034125e-06	2.24452987926458e-05
gene-BTH_RS01275	109.588804916246	-1.0379814605636	0.23290061817536	-4.4567570008855	8.32088317873343e-06	2.27307191903596e-05
gene-BTH_RS11170	102.513002251184	-1.06466296373196	0.23979105749174	-4.43996108473995	8.99751461274199e-06	2.45336302210485e-05
gene-BTH_RS10255	23.2474108691697	-1.90377789809621	0.429817071005898	-4.42927474620963	9.45505087553567e-06	2.57019218141868e-05
gene-BTH_RS11460	92.8342573774745	-1.11280247050467	0.251346132342725	-4.42737057512109	9.53887727716913e-06	2.59138522219346e-05
gene-BTH_RS24125	38.3001257547906	-1.66072945340213	0.37665510792742	-4.40915155124393	1.03776386508921e-05	2.80717030825845e-05
gene-BTH_RS03615	81.1544082266706	-1.21305113145562	0.275201495649974	-4.40786533005798	1.04394418882022e-05	2.82216104867607e-05
gene-BTH_RS08545	9.39171678188012	2.89275009843775	0.657369686035208	4.40049208214146	1.08005668824947e-05	2.91443868257795e-05
gene-BTH_RS08430	70.3093276167655	-1.26533771153595	0.287945651206167	-4.3943629856385	1.1109804756432e-05	2.99605472992249e-05
gene-BTH_RS09925	51.2157402596676	-1.2838255210984	0.293027430118054	-4.38124690436378	1.18002060232084e-05	3.17256147339302e-05
gene-BTH_RS34270	26.1611295751596	-2.00028170076747	0.457396579522801	-4.37318902308878	1.22444617849734e-05	3.28401220203778e-05
gene-BTH_RS08435	25.355083775671	-1.83822037118985	0.420420660440121	-4.37233595814603	1.22924173213081e-05	3.29487474591765e-05
gene-BTH_RS01125	85.6566332416529	-1.2598327666131	0.28861875192941	-4.36504128089789	1.27098753939763e-05	3.40264380626138e-05
gene-BTH_RS06725	47.5788443689598	1.32846732776986	0.304410834311348	4.36406059848421	1.27670186207664e-05	3.41587302081039e-05
gene-BTH_RS02845	31.9800229121408	-1.73365727842232	0.397502837562528	-4.3613708245532	1.29250095468156e-05	3.45187566144561e-05
gene-BTH_RS31235	67.8500563555018	-1.17503109844648	0.269858061749529	-4.35425605160202	1.33519572322476e-05	3.5615963166285e-05
MSTRG.3663.1	7.33831234381449	-3.32638184151327	0.764627795255434	-4.35032817555637	1.35933936726875e-05	3.62381182347881e-05
gene-BTH_RS11610	17.4315000411928	-2.13959655373342	0.492966736768807	-4.3402452825876	1.42323759978472e-05	3.78047487442815e-05
gene-BTH_RS06970	18.7340573717251	-2.21941978751775	0.512099085628148	-4.33396553480539	1.46447112035574e-05	3.88533154380095e-05
gene-BTH_RS03825	52.309442550424	-1.3769321180305	0.317772896796835	-4.33306972340952	1.47044515071732e-05	3.89884077154801e-05
gene-BTH_RS33470	65.6791845451461	-1.21913258111511	0.281580717761672	-4.32960250547757	1.49378726628529e-05	3.95361659699459e-05
gene-BTH_RS12020	49.0856720704612	-1.53651652424664	0.355412025011186	-4.32319791148959	1.5378366144778e-05	4.06776650867257e-05
gene-BTH_RS05670	34.8325503430728	-1.5524722888105	0.360251818710779	-4.30940860858464	1.6369168529543e-05	4.30921530080882e-05
gene-BTH_RS34925	37.4342331296311	-1.46657808965371	0.340406453400842	-4.30831458981405	1.64503294456395e-05	4.32800334224562e-05
gene-BTH_RS03975	37.0079699513984	-1.57172634221992	0.365770411681396	-4.29702975425189	1.7310196731238e-05	4.5407162938915e-05
gene-BTH_RS06685	34.0953062007554	1.48218575828648	0.34646894241405	4.27797582074524	1.88600501310934e-05	4.93262849582443e-05
gene-BTH_RS12040	71.5999635234781	-1.27177868696361	0.297345036605812	-4.27711422891379	1.89331663625569e-05	4.94882290493798e-05
gene-BTH_RS16880	27.0618063762183	-1.694916654435	0.397888594365706	-4.25977692860724	2.04631025312992e-05	5.33610107305855e-05
gene-BTH_RS09240	76.4100293188871	-1.2092750088134	0.284115450819841	-4.25628034421896	2.07856049386218e-05	5.41062272253877e-05
gene-BTH_RS25705	54.5299474585892	1.26999811803911	0.298655725657485	4.25238161847803	2.11509030457624e-05	5.49277270636132e-05
gene-BTH_RS10265	12.6533193345416	-2.47217941210078	0.581473652878582	-4.25157597401407	2.12271475303692e-05	5.50933600024848e-05
gene-BTH_RS07050	26.5086913956864	-1.71180330660953	0.402974280031432	-4.24792199262942	2.1576249078612e-05	5.59337366143489e-05
gene-BTH_RS01675	66.0980888604719	-1.20887715376059	0.284822317622142	-4.24432033224426	2.19256957288003e-05	5.67397980803848e-05
MSTRG.255.1	14.8134147817575	-2.29907009152345	0.544298215689962	-4.22391627466407	2.40093275211312e-05	6.18061896583576e-05
gene-BTH_RS25145	36.1295176101792	1.39619634457627	0.331078539215633	4.21711521345974	2.4744756294496e-05	6.35575837139472e-05
gene-BTH_RS02950	78.6914642930942	-1.03918666341702	0.247007402400087	-4.20710737135647	2.58660263471949e-05	6.61619423927091e-05
gene-BTH_RS08450	79.7440862174056	-1.00636353124493	0.24019836858231	-4.18971842808361	2.79300813897297e-05	7.12354066604762e-05
gene-BTH_RS28830	5.57383284546878	-3.42122478149824	0.816941736901643	-4.18784428186235	2.81616625077578e-05	7.17846299217355e-05
gene-BTH_RS22830	27.5439097355999	-1.68116870934697	0.402739872999588	-4.17432894544485	2.98865672014991e-05	7.59624077231892e-05
gene-BTH_RS02710	82.1385541986533	-1.03837671701484	0.249407309990512	-4.16337723643441	3.13574654261412e-05	7.9603844751513e-05
gene-BTH_RS02115	56.8448415853818	-1.2482188526076	0.301703777877903	-4.13723308798851	3.51518980022964e-05	8.86317108785797e-05
gene-BTH_RS06410	85.6781382622975	1.01365005611427	0.245471506266116	4.12940007389441	3.63711035351419e-05	9.14449815843727e-05
gene-BTH_RS14490	68.3009248141359	1.08038565069805	0.261805914099519	4.12666632995681	3.6805982268139e-05	9.2330348930591e-05
gene-BTH_RS25140	75.9021813447505	1.09685671160311	0.266135650277171	4.12141969879184	3.76544723207344e-05	9.42961856417258e-05
gene-BTH_RS06035	41.7295373090804	-1.55802436616583	0.378765482200059	-4.11342754127448	3.89827438585553e-05	9.74017681485667e-05
gene-BTH_RS33505	10.9342837033592	-2.56845501633468	0.624850440026844	-4.11051165495592	3.9478335201191e-05	9.84730483009393e-05
gene-BTH_RS07575	74.7645728063487	-1.05397314484401	0.257360291321139	-4.09532154099424	4.2158286610806e-05	0.000104980071447753
gene-BTH_RS02865	57.2246935961159	-1.25263502160882	0.307115682117724	-4.07870745307188	4.52867807525303e-05	0.000112264481730894
gene-BTH_RS33175	29.7786112179446	-1.55948482069351	0.38487686697093	-4.05190582891358	5.08021137495341e-05	0.000124816755293463
gene-BTH_RS07060	50.9118093003979	-1.34417997305535	0.332785565762307	-4.03917751052772	5.36389608444694e-05	0.000131275862088901
gene-BTH_RS33300	21.2195848158716	-1.91557923732023	0.474226643445604	-4.03937497775777	5.35938257401622e-05	0.000131275862088901
gene-BTH_RS33650	52.7156193031466	-1.25082039563851	0.312207696036993	-4.00637271763571	6.16583271598078e-05	0.000150071479100413
gene-BTH_RS13145	73.5798816163131	-1.02927831871417	0.257844974433863	-3.99184944742129	6.55599913108373e-05	0.000159042349941768
gene-BTH_RS01705	83.6817901717869	-1.05222638463895	0.264114413346667	-3.98397940993031	6.77707471565477e-05	0.00016395550215213
gene-BTH_RS10585	88.5591037914764	-1.21484597531816	0.305390142402441	-3.97801306146039	6.94935551757673e-05	0.000168031462733529
gene-BTH_RS16915	22.6808086546913	-1.7840443618878	0.44876105000168	-3.97548842949076	7.02349588091053e-05	0.000169731283726761
gene-BTH_RS13585	52.8863452361137	-1.20873565920873	0.305490262374139	-3.95670765351064	7.59898339573921e-05	0.000182838903697155
gene-BTH_RS05525	59.8607713755141	-1.06503514973176	0.269552171359859	-3.9511280668183	7.77836843910755e-05	0.000186951541603346
gene-BTH_RS22060	64.0513191498604	-1.08221730292999	0.274163348916523	-3.94734492121886	7.90226712800944e-05	0.000189620090693821
gene-BTH_RS34295	36.1542711519893	-1.36029030070758	0.344723195757898	-3.94603646475511	7.94555184470904e-05	0.000190555285695138
gene-BTH_RS07040	69.6249069668024	-1.0045750419257	0.255095450672546	-3.93803589706201	8.21513065114365e-05	0.000196593814174634
gene-BTH_RS34205	54.3732935811695	-1.36210591109622	0.34688919168173	-3.92663116568343	8.61439243258905e-05	0.000205148785301959
gene-BTH_RS23290	71.5779520282088	-1.06648403845201	0.271853795211576	-3.9230058849169	8.74510143674986e-05	0.000208109782144219
gene-BTH_RS10535	85.801412820955	-1.07651134184628	0.276421186865414	-3.89446031273435	9.8417602943967e-05	0.000232747889252185
gene-BTH_RS35615	32.6716720109871	-1.54819390677708	0.39889605491859	-3.88119633595537	0.000103943881886083	0.000245292022390009
gene-BTH_RS29155	1029.64367039567	-1.6253961708702	0.420507018742031	-3.86532471142256	0.000110941502936644	0.000261108329595295
rna-BTH_RS34100	16.3648281148566	-1.99345281617163	0.516266307483876	-3.86128784170927	0.00011279092881811	0.000264896867893755
gene-BTH_RS24130	43.3508236015444	-1.28639602946139	0.33328225450482	-3.85977954743697	0.000113489362137189	0.000266395634968866
gene-BTH_RS11635	20.9165344002199	-1.71605061369063	0.445214400935404	-3.85443644699088	0.000115996509191609	0.000271559624272728
gene-BTH_RS34180	70.489822249388	-1.04385927860119	0.271211729424289	-3.84887217384378	0.000118662904998928	0.000277214608929843
gene-BTH_RS33305	18.7341837015205	-1.80933029436307	0.473824648614672	-3.81856515834083	0.000134230132154517	0.000312097414057319
gene-BTH_RS11795	45.5373805611881	-1.56136102635461	0.411410440478186	-3.79514196222106	0.000147558999176566	0.000341292923265527
gene-BTH_RS06555	5.70165842554595	2.87687823999374	0.763425112124217	3.76838303365327	0.000164308444417427	0.000378054827863106
gene-BTH_RS07320	18.9009794859061	-1.74239793739503	0.463326808128028	-3.76062404943674	0.000169489998017229	0.00038977408493036
gene-BTH_RS34835	58.1058124915423	-1.05035222047286	0.279531707125804	-3.75754232417055	0.000171590351196392	0.000394194050045765
gene-BTH_RS35705	16.8327863304675	-1.80694531728406	0.48243985652052	-3.74543125502982	0.000180084156401046	0.000412478070985446
gene-BTH_RS10540	83.7137209889097	-1.00169963943256	0.267525801034992	-3.74431040130422	0.000180889913053748	0.000414051484048455
gene-BTH_RS23045	39.2386290172808	-1.24628414332283	0.333257850743883	-3.73969927652396	0.000184240538915651	0.000420849189667792
gene-BTH_RS33240	31.4453856754721	-1.35803369780379	0.364955779833982	-3.72109108238144	0.000198363871086138	0.000450548977492666
gene-BTH_RS24635	65.6159771423626	-1.02252375268515	0.276351549848981	-3.70008329334114	0.000215528715121792	0.00048803120944586
gene-BTH_RS10515	51.9548255595979	-1.19407514509083	0.323259129079706	-3.69386364583197	0.000220872270120043	0.00049936339331488
gene-BTH_RS35095	16.5293522869512	-2.01875498779912	0.55069015132995	-3.66586361300216	0.000246505282831683	0.000551672582337235
gene-BTH_RS01035	53.8694805702039	1.01238766312854	0.277616253243436	3.64671611010037	0.000265613097419666	0.0005932339012607
gene-BTH_RS01655	50.9206728908778	-1.06022707473828	0.291722032151652	-3.63437436287677	0.000278656004697721	0.000620796139497947
gene-BTH_RS24320	25.8890927141293	-1.59566370817838	0.443717616126665	-3.59612431462012	0.00032299349029895	0.000712035524748808
gene-BTH_RS34535	16.5765512341216	-1.85009768502997	0.51580995766473	-3.58678163835004	0.000334784445252099	0.000735095503236104
gene-BTH_RS03665	49.2630079860212	-1.11541275227759	0.311964908215164	-3.57544301588014	0.000349635328364648	0.000766181532658276
gene-BTH_RS31895	34.2072435365827	-1.28849237624903	0.360659779129343	-3.57259791862441	0.00035345725251042	0.000773789527536433
gene-BTH_RS20475	16.7989814836343	1.65456074542151	0.464668197838512	3.56073592537213	0.000369816864626411	0.00080840283958889
gene-BTH_RS01045	23.7715149297641	1.51738477571687	0.428079077026666	3.54463662708361	0.000393154684758735	0.000856031382578133
gene-BTH_RS35600	16.6266079857551	-1.75030693841771	0.49918403313512	-3.50633598479689	0.000454321338438635	0.00098243655376652
gene-BTH_RS32870	37.2302617350239	-1.22231574319901	0.354521249134614	-3.44779261097234	0.000565187829634927	0.00120363913512617
gene-BTH_RS10895	36.5776652499805	-1.24566705957603	0.36219070697042	-3.43925737354096	0.000583312388691481	0.0012395388259694
gene-BTH_RS26670	29.2543489988405	-1.26576209136325	0.368086531714756	-3.43876230805461	0.000584380086195885	0.00124121094713398
gene-BTH_RS08325	41.6223190193246	-1.37634124716387	0.401325833412182	-3.42948580075656	0.000604726073783588	0.00127889437613563
gene-BTH_RS03785	63.7857910313998	-1.25009684545799	0.364706747300582	-3.42767676965323	0.000608769821757359	0.00128683051753588
gene-BTH_RS17840	44.1203026333271	-1.1173602931817	0.326530730892108	-3.42191465449204	0.000621818287474811	0.00131190302178457
gene-BTH_RS01140	57.0299893577896	-1.19666044743074	0.350918710416477	-3.41007877867362	0.000649441174220324	0.00136822211156045
rna-BTH_RS27340	16.5509330833125	-1.66423014137109	0.489598489234211	-3.39917335932581	0.000675898601635633	0.00141787936365899
gene-BTH_RS24030	42.470861786534	1.10871939545136	0.329950893833142	3.36025577191508	0.000778703450264496	0.00161970317655015
gene-BTH_RS07325	60.7338251072257	-1.12280781295149	0.334205835012379	-3.35962959147585	0.000780470373898406	0.00162261479427608
gene-BTH_RS04295	3.46594212666239	-2.82794418289394	0.841857780918567	-3.35917092766941	0.000781766968356211	0.00162454630941911
gene-BTH_RS05615	51.9130922344472	-1.21346727557007	0.363915298551065	-3.33447722698526	0.000854598979181872	0.00176428187201489
gene-BTH_RS08190	29.4964474556655	-1.38307712138017	0.417350826351252	-3.31394365136859	0.000919900435548868	0.0018946691170205
gene-BTH_RS00850	15.1611824032136	-1.8050551360296	0.546817186997631	-3.30102121687229	0.000963335974045288	0.00197951883090664
MSTRG.1438.1	36.3037272633723	1.26107604421893	0.387147230356479	3.25735520065003	0.0011245561628418	0.00229586061882713
gene-BTH_RS05940	43.7758529239762	1.0292087892952	0.31742883725188	3.24232920425728	0.00118556986697742	0.00241151348920396
gene-BTH_RS06800	9.33891212344031	-1.98230503951115	0.614643325221576	-3.22513067037137	0.00125915183253972	0.00255349765331316
gene-BTH_RS05625	18.8650147809799	-1.45813884229991	0.452814738117948	-3.22016648212564	0.00128116171222369	0.00259282727473841
gene-BTH_RS07385	44.7270802975237	-1.10932603335545	0.348551088746068	-3.182678434161	0.00145919574109485	0.00293432446571393
gene-BTH_RS03925	24.7991751549546	1.39460538015902	0.439456091386211	3.17348059907397	0.00150622967960032	0.00301655422919503
gene-BTH_RS21375	40.435242325354	1.09705963100476	0.348843152197437	3.14485069892915	0.00166171610502252	0.00330548388127791
gene-BTH_RS04395	7.8196812543937	-2.05569904778195	0.65724571638999	-3.1277481108179	0.00176151074160384	0.00349299124176267
gene-BTH_RS24590	11.8832013630732	-1.70281619381437	0.550260802627704	-3.0945620434579	0.00197103705252926	0.00387371443849682
gene-BTH_RS29655	26.1865408258059	-1.24970875855853	0.405243437979879	-3.08384699524876	0.00204342658008849	0.00400352193439323
gene-BTH_RS26855	13.8908093674296	1.64173258688848	0.533304402592012	3.07841558950046	0.00208104475585524	0.00407541773189197
gene-BTH_RS05555	37.6900312549539	-1.07953880675097	0.351460022583984	-3.07158350134405	0.00212926599784745	0.00416247488301006
MSTRG.1687.2	3.93457797845944	-2.49268460053619	0.811977219214591	-3.06989474772126	0.00214134219452146	0.00418423187435227
MSTRG.3418.1	15.1665947826479	-1.51719987203889	0.49777508672329	-3.04796264920806	0.00230398562630835	0.00448025361561061
gene-BTH_RS14785	29.4245424416022	-1.10506429799388	0.362624289151545	-3.04740838121868	0.00230823879193391	0.00448457822432875
gene-BTH_RS35300	34.1159948760609	-1.07465357374139	0.353187444178258	-3.04272870243654	0.00234443591830905	0.00454491524514299
gene-BTH_RS01370	118.023639393904	-1.50806333837954	0.4967723857883	-3.03572296190835	0.00239959734017878	0.00464573817064836
gene-BTH_RS06710	25.0698751134958	1.23958893155445	0.40878843369982	3.03234834786128	0.00242658993610906	0.00469183180997465
gene-BTH_RS01340	20.1226961851946	-1.38963674478206	0.463178798513285	-3.00021665335833	0.0026978763375312	0.00518461452690778
gene-BTH_RS24145	41.3503370101558	-1.02764532997806	0.343297566072245	-2.99345358528351	0.00275839461428769	0.00529171189025677
gene-BTH_RS04335	2.7434485965491	-2.54488764806173	0.850547493912381	-2.99205825221548	0.00277103382221045	0.00531134843632705
gene-BTH_RS24170	26.9429610769935	-1.13218416568762	0.38011480698054	-2.97853213001929	0.00289632661537999	0.00553470109813209
gene-BTH_RS22815	22.975970657769	-1.28808536109931	0.433625119220422	-2.97050448418452	0.00297311064973148	0.00567407127453072
gene-BTH_RS17195	16.4040643417337	-1.43466915200245	0.484154081944263	-2.96324910912889	0.00304410104978908	0.00579454204998611
gene-BTH_RS00575	111.58606380617	-1.43670361680647	0.495964664615498	-2.89678624165754	0.00377006538074377	0.00705490642797946
gene-BTH_RS35770	24.0513524755848	-1.16316561942894	0.403022348463175	-2.88610699596283	0.00390039533320232	0.0072802987216023
gene-BTH_RS06735	36.9848565601539	-1.02713633807341	0.359448165211259	-2.85753673960119	0.0042694320568812	0.0079322781384678
gene-BTH_RS24620	31.7112417184317	-1.15308870422864	0.406615371659129	-2.83582172391478	0.00457079524765032	0.00844956712447278
MSTRG.3695.1	25.589614077426	-1.127693338528	0.400764992758973	-2.8138519054887	0.00489517743040903	0.00900028462662559
gene-BTH_RS01480	36.9865604560041	-1.19497925754241	0.42484485921605	-2.81274265563072	0.00491209457312461	0.00902388113599782
MSTRG.4007.2	19.5182999473361	1.24648074689993	0.443681135773565	2.80940668060334	0.00496329058984765	0.00910657717190809
gene-BTH_RS19720	7.71923132493393	-1.83237832734605	0.652702640707617	-2.80737078887792	0.00499477131284802	0.00916053493891629
gene-BTH_RS05465	2.44353387865953	-2.38140125752108	0.854284049592198	-2.7875988772796	0.00531002470518107	0.00971707305034613
gene-BTH_RS19705	8.22810282415705	-1.7918137345408	0.642861707445273	-2.78724601852777	0.00531581055107171	0.00971707305034613
gene-BTH_RS26695	8.94253482234887	1.74225206006805	0.627371850083762	2.777064447242	0.00548523015812677	0.0100102053257309
MSTRG.1634.1	9.10777480857065	1.7371632551305	0.631714321208529	2.74991906437571	0.005960998620248	0.010798202418646
gene-BTH_RS25710	6.63462090540728	1.81861361697016	0.662642911226418	2.74448513091957	0.00606058999518137	0.0109696182549966
gene-BTH_RS35515	16.2365340212319	-1.34295697340416	0.492452415265383	-2.72707967668397	0.00638976077886785	0.0115088600825574
gene-BTH_RS35545	15.3749267870319	-1.44569136547805	0.531813591517617	-2.71841748412735	0.00655950147122062	0.0118049660027667
gene-BTH_RS09845	24.6410058664799	-1.14074972625261	0.425882770597991	-2.67855336023773	0.0073940949761658	0.0132101454303366
gene-BTH_RS04835	10.2950217810937	-1.56075035147169	0.589821546227844	-2.64613994089118	0.00814161274887873	0.0144637975683456
gene-BTH_RS14900	4.87404103569575	2.02726389940321	0.768942077835097	2.63643251922282	0.00837828626700663	0.0148424951102883
gene-BTH_RS34545	5.18744480184288	-1.89600412999863	0.734745312240681	-2.58049163215016	0.00986597472989673	0.0172635028923767
gene-BTH_RS06545	15.5445838487301	1.25394383803958	0.488245405090817	2.56826551763725	0.0102208834568548	0.0178140003467264
gene-BTH_RS33140	9.30048845595142	-1.52713009423934	0.600279704123579	-2.54403086386035	0.0109581401588282	0.0189717898558639
gene-BTH_RS02315	6.96525670569388	1.71162009759616	0.673341075428074	2.54198081783144	0.0110226222659523	0.0190759555268243
gene-BTH_RS05410	2.00309084545403	-2.14559496151577	0.856589575538296	-2.50481096523669	0.0122516854018064	0.0210791940350269
gene-BTH_RS31335	11.3865297164278	-1.38331609714227	0.554115090902497	-2.49644184006835	0.0125446238209695	0.0215664089026391
MSTRG.18.1	21.9023239619765	1.00252788726974	0.406569450138943	2.46582198177245	0.0136699253603061	0.0233737215058231
gene-BTH_RS09765	6.91448514430612	1.57207177898481	0.657472877246236	2.3910823296153	0.0167987854172277	0.0283399357038727
gene-BTH_RS05975	23.9632346896076	-1.05341087293173	0.440638739544079	-2.39064516665437	0.0168187987759708	0.0283628731742812
gene-BTH_RS09540	23.560286416463	-1.00535388679249	0.423253818680478	-2.37529785301582	0.017534794134572	0.0294579209710408
gene-BTH_RS35670	12.8974387786276	-1.21845581141746	0.517622921877032	-2.35394485043094	0.0185753667662601	0.0310643666692659
gene-BTH_RS27925	9.33809055050119	-1.59450064357099	0.67980978076827	-2.34551000688606	0.0190010685241101	0.0317043121466843
gene-BTH_RS33115	21.0249280111315	-1.0594028396846	0.453212709180732	-2.33754000764823	0.0194111232005974	0.0323640756494306
gene-BTH_RS34510	16.1802238632589	-1.09695889218852	0.47402312058805	-2.31414638768607	0.0206596936234972	0.0342135053637533
gene-BTH_RS06100	15.5923840710156	-1.11742337158885	0.494119677803629	-2.26144276737938	0.0237318529760606	0.0388931368758575
gene-BTH_RS30080	2.47612779435192	-1.90090729032069	0.84272162918063	-2.25567639953531	0.0240909046457145	0.0394231020118689
gene-BTH_RS26505	18.2085255537591	-1.04269613971365	0.463406139753357	-2.25006975580559	0.0244445176076012	0.0399278521158896
MSTRG.905.3	15.2112324972711	1.08311071835637	0.481478361355916	2.24955222350215	0.0244773841730536	0.0399667669172135
gene-BTH_RS34530	13.5527377748285	-1.12298331201622	0.508827052998998	-2.20700394249365	0.0273137839081219	0.0440770079860894
gene-BTH_RS05345	1.59680474694062	-1.88477551349719	0.854872469692607	-2.20474466112461	0.0274720172538571	0.0442677055275423
MSTRG.79.1	8.35211456411278	-1.32257677136069	0.611965587408943	-2.16119467919833	0.0306803042640071	0.0488145949772899
